run_id,timestamp_utc,status,trial_kind,trial,config,branching_factor,tree_depth,leaf_buckets,routing_bits,expected_leaf_occupancy,seed,rows,commits,changes_per_commit,locality,payload_bytes,workload_sha256,initial_import_ms,incremental_commit_ms,diff_ms,checkout_ms,storage_bytes,peak_memory_bytes,nodes_compared,matching_subtrees_skipped,leaf_entries_examined,new_nodes_per_commit,reused_references_per_commit,trie_bytes_per_commit,changed_keys,correctness,notes,python_version,platform
linux-geometry-20261008,2026-10-08T15:14:41.935076+00:00,ok,warmup,1,b4-d6,4,6,4096,12,2.44140625,20260824,10000,10,100,spread,32,92d8d19dc55a409ad5885344f949c887d76671d94bc5342d8f219eacb0e4d46a,224.509085,30.7954345,15.1929,22.202544,4550656,0,3628,1822,5682,348.5,621.5,97430.0,946,True,,3.14.3,Linux-7.0.0-1011-gcp-x86_64-with-glibc2.39
linux-geometry-20261008,2026-10-08T15:14:43.018812+00:00,ok,warmup,1,b8-d3,8,3,512,9,19.53125,20260824,10000,10,100,spread,32,92d8d19dc55a409ad5885344f949c887d76671d94bc5342d8f219eacb0e4d46a,144.667595,29.1301925,16.499744,16.749168,7213056,0,585,81,17048,151.0,327.5,136616.0,946,True,,3.14.3,Linux-7.0.0-1011-gcp-x86_64-with-glibc2.39
linux-geometry-20261008,2026-10-08T15:14:44.210148+00:00,ok,warmup,1,b8-d4,8,4,4096,12,2.44140625,20260824,10000,10,100,spread,32,92d8d19dc55a409ad5885344f949c887d76671d94bc5342d8f219eacb0e4d46a,216.343894,27.7965975,15.165579,19.70897,4444160,0,3729,2373,5682,249.5,896.0,106932.0,946,True,,3.14.3,Linux-7.0.0-1011-gcp-x86_64-with-glibc2.39
linux-geometry-20261008,2026-10-08T15:14:45.755893+00:00,ok,warmup,1,b8-d5,8,5,32768,15,0.30517578125,20260824,10000,10,100,spread,32,92d8d19dc55a409ad5885344f949c887d76671d94bc5342d8f219eacb0e4d46a,377.61751,39.0949265,19.185256,28.819899,6479872,0,6089,3802,2426,349.0,1079.0,119042.0,946,True,,3.14.3,Linux-7.0.0-1011-gcp-x86_64-with-glibc2.39
linux-geometry-20261008,2026-10-08T15:14:46.915410+00:00,ok,warmup,1,b16-d3,16,3,4096,12,2.44140625,20260824,10000,10,100,spread,32,92d8d19dc55a409ad5885344f949c887d76671d94bc5342d8f219eacb0e4d46a,197.957962,26.110842499999997,15.384631,19.304629,8540160,0,3929,2809,5682,196.5,1271.5,128039.5,946,True,,3.14.3,Linux-7.0.0-1011-gcp-x86_64-with-glibc2.39
linux-geometry-20261008,2026-10-08T15:14:47.952570+00:00,ok,warmup,2,b8-d3,8,3,512,9,19.53125,20260824,10000,10,100,spread,32,92d8d19dc55a409ad5885344f949c887d76671d94bc5342d8f219eacb0e4d46a,134.922708,28.4237535,17.015502,16.475737,7221248,0,585,81,17048,151.0,327.5,136616.0,946,True,,3.14.3,Linux-7.0.0-1011-gcp-x86_64-with-glibc2.39
linux-geometry-20261008,2026-10-08T15:14:49.093690+00:00,ok,warmup,2,b8-d4,8,4,4096,12,2.44140625,20260824,10000,10,100,spread,32,92d8d19dc55a409ad5885344f949c887d76671d94bc5342d8f219eacb0e4d46a,202.108924,24.986245,16.010858,22.90131,4456448,0,3729,2373,5682,249.5,896.0,106932.0,946,True,,3.14.3,Linux-7.0.0-1011-gcp-x86_64-with-glibc2.39
linux-geometry-20261008,2026-10-08T15:14:50.663568+00:00,ok,warmup,2,b8-d5,8,5,32768,15,0.30517578125,20260824,10000,10,100,spread,32,92d8d19dc55a409ad5885344f949c887d76671d94bc5342d8f219eacb0e4d46a,372.668295,36.73739449999999,19.152401,27.422681,6447104,0,6089,3802,2426,349.0,1079.0,119042.0,946,True,,3.14.3,Linux-7.0.0-1011-gcp-x86_64-with-glibc2.39
linux-geometry-20261008,2026-10-08T15:14:51.851205+00:00,ok,warmup,2,b16-d3,16,3,4096,12,2.44140625,20260824,10000,10,100,spread,32,92d8d19dc55a409ad5885344f949c887d76671d94bc5342d8f219eacb0e4d46a,204.668067,28.872373000000003,13.493917,20.037754,8507392,0,3929,2809,5682,196.5,1271.5,128039.5,946,True,,3.14.3,Linux-7.0.0-1011-gcp-x86_64-with-glibc2.39
linux-geometry-20261008,2026-10-08T15:14:53.067803+00:00,ok,warmup,2,b4-d6,4,6,4096,12,2.44140625,20260824,10000,10,100,spread,32,92d8d19dc55a409ad5885344f949c887d76671d94bc5342d8f219eacb0e4d46a,221.77446,30.546663,15.257349,21.896334,4509696,0,3628,1822,5682,348.5,621.5,97430.0,946,True,,3.14.3,Linux-7.0.0-1011-gcp-x86_64-with-glibc2.39
linux-geometry-20261008,2026-10-08T15:14:54.285012+00:00,ok,measured,1,b4-d6,4,6,4096,12,2.44140625,20260824,10000,10,100,spread,32,92d8d19dc55a409ad5885344f949c887d76671d94bc5342d8f219eacb0e4d46a,224.34799,31.2289665,16.403856,20.78484,4550656,0,3628,1822,5682,348.5,621.5,97430.0,946,True,,3.14.3,Linux-7.0.0-1011-gcp-x86_64-with-glibc2.39
linux-geometry-20261008,2026-10-08T15:14:55.355619+00:00,ok,measured,1,b8-d3,8,3,512,9,19.53125,20260824,10000,10,100,spread,32,92d8d19dc55a409ad5885344f949c887d76671d94bc5342d8f219eacb0e4d46a,134.059859,29.119290499999998,16.976394,17.656819,7217152,0,585,81,17048,151.0,327.5,136616.0,946,True,,3.14.3,Linux-7.0.0-1011-gcp-x86_64-with-glibc2.39
linux-geometry-20261008,2026-10-08T15:14:56.496688+00:00,ok,measured,1,b8-d4,8,4,4096,12,2.44140625,20260824,10000,10,100,spread,32,92d8d19dc55a409ad5885344f949c887d76671d94bc5342d8f219eacb0e4d46a,207.975524,25.1689005,15.25317,20.308448,4419584,0,3729,2373,5682,249.5,896.0,106932.0,946,True,,3.14.3,Linux-7.0.0-1011-gcp-x86_64-with-glibc2.39
linux-geometry-20261008,2026-10-08T15:14:58.091388+00:00,ok,measured,1,b8-d5,8,5,32768,15,0.30517578125,20260824,10000,10,100,spread,32,92d8d19dc55a409ad5885344f949c887d76671d94bc5342d8f219eacb0e4d46a,385.469216,38.5055355,18.845739,27.682386,6500352,0,6089,3802,2426,349.0,1079.0,119042.0,946,True,,3.14.3,Linux-7.0.0-1011-gcp-x86_64-with-glibc2.39
linux-geometry-20261008,2026-10-08T15:14:59.296246+00:00,ok,measured,1,b16-d3,16,3,4096,12,2.44140625,20260824,10000,10,100,spread,32,92d8d19dc55a409ad5885344f949c887d76671d94bc5342d8f219eacb0e4d46a,203.333503,27.057158,14.278203,17.571419,8531968,0,3929,2809,5682,196.5,1271.5,128039.5,946,True,,3.14.3,Linux-7.0.0-1011-gcp-x86_64-with-glibc2.39
linux-geometry-20261008,2026-10-08T15:15:00.352821+00:00,ok,measured,2,b8-d3,8,3,512,9,19.53125,20260824,10000,10,100,spread,32,92d8d19dc55a409ad5885344f949c887d76671d94bc5342d8f219eacb0e4d46a,135.33194,28.5668,17.493347,17.065475,7237632,0,585,81,17048,151.0,327.5,136616.0,946,True,,3.14.3,Linux-7.0.0-1011-gcp-x86_64-with-glibc2.39
linux-geometry-20261008,2026-10-08T15:15:01.544879+00:00,ok,measured,2,b8-d4,8,4,4096,12,2.44140625,20260824,10000,10,100,spread,32,92d8d19dc55a409ad5885344f949c887d76671d94bc5342d8f219eacb0e4d46a,209.006375,25.4037055,16.432994,22.150349,4460544,0,3729,2373,5682,249.5,896.0,106932.0,946,True,,3.14.3,Linux-7.0.0-1011-gcp-x86_64-with-glibc2.39
linux-geometry-20261008,2026-10-08T15:15:03.262426+00:00,ok,measured,2,b8-d5,8,5,32768,15,0.30517578125,20260824,10000,10,100,spread,32,92d8d19dc55a409ad5885344f949c887d76671d94bc5342d8f219eacb0e4d46a,417.469918,39.942259,19.765803,33.317178,6479872,0,6089,3802,2426,349.0,1079.0,119042.0,946,True,,3.14.3,Linux-7.0.0-1011-gcp-x86_64-with-glibc2.39
linux-geometry-20261008,2026-10-08T15:15:04.496749+00:00,ok,measured,2,b16-d3,16,3,4096,12,2.44140625,20260824,10000,10,100,spread,32,92d8d19dc55a409ad5885344f949c887d76671d94bc5342d8f219eacb0e4d46a,207.011468,29.473650499999998,16.442402,19.846792,8511488,0,3929,2809,5682,196.5,1271.5,128039.5,946,True,,3.14.3,Linux-7.0.0-1011-gcp-x86_64-with-glibc2.39
linux-geometry-20261008,2026-10-08T15:15:05.725840+00:00,ok,measured,2,b4-d6,4,6,4096,12,2.44140625,20260824,10000,10,100,spread,32,92d8d19dc55a409ad5885344f949c887d76671d94bc5342d8f219eacb0e4d46a,225.498588,30.173930499999997,16.355331,22.925735,4513792,0,3628,1822,5682,348.5,621.5,97430.0,946,True,,3.14.3,Linux-7.0.0-1011-gcp-x86_64-with-glibc2.39
linux-geometry-20261008,2026-10-08T15:15:06.911263+00:00,ok,measured,3,b8-d4,8,4,4096,12,2.44140625,20260824,10000,10,100,spread,32,92d8d19dc55a409ad5885344f949c887d76671d94bc5342d8f219eacb0e4d46a,206.872203,24.438971000000002,16.022353,21.124425,4456448,0,3729,2373,5682,249.5,896.0,106932.0,946,True,,3.14.3,Linux-7.0.0-1011-gcp-x86_64-with-glibc2.39
linux-geometry-20261008,2026-10-08T15:15:08.470096+00:00,ok,measured,3,b8-d5,8,5,32768,15,0.30517578125,20260824,10000,10,100,spread,32,92d8d19dc55a409ad5885344f949c887d76671d94bc5342d8f219eacb0e4d46a,372.709633,37.839076000000006,17.803277,25.560439,6488064,0,6089,3802,2426,349.0,1079.0,119042.0,946,True,,3.14.3,Linux-7.0.0-1011-gcp-x86_64-with-glibc2.39
linux-geometry-20261008,2026-10-08T15:15:09.652939+00:00,ok,measured,3,b16-d3,16,3,4096,12,2.44140625,20260824,10000,10,100,spread,32,92d8d19dc55a409ad5885344f949c887d76671d94bc5342d8f219eacb0e4d46a,204.869423,26.496236,15.775318,21.283559,8482816,0,3929,2809,5682,196.5,1271.5,128039.5,946,True,,3.14.3,Linux-7.0.0-1011-gcp-x86_64-with-glibc2.39
linux-geometry-20261008,2026-10-08T15:15:10.879816+00:00,ok,measured,3,b4-d6,4,6,4096,12,2.44140625,20260824,10000,10,100,spread,32,92d8d19dc55a409ad5885344f949c887d76671d94bc5342d8f219eacb0e4d46a,225.781078,29.702449,16.523568,22.943871,4517888,0,3628,1822,5682,348.5,621.5,97430.0,946,True,,3.14.3,Linux-7.0.0-1011-gcp-x86_64-with-glibc2.39
linux-geometry-20261008,2026-10-08T15:15:11.918436+00:00,ok,measured,3,b8-d3,8,3,512,9,19.53125,20260824,10000,10,100,spread,32,92d8d19dc55a409ad5885344f949c887d76671d94bc5342d8f219eacb0e4d46a,134.373885,28.086270499999998,15.94942,16.005722,7217152,0,585,81,17048,151.0,327.5,136616.0,946,True,,3.14.3,Linux-7.0.0-1011-gcp-x86_64-with-glibc2.39
linux-geometry-20261008,2026-10-08T15:15:13.485696+00:00,ok,measured,4,b8-d5,8,5,32768,15,0.30517578125,20260824,10000,10,100,spread,32,92d8d19dc55a409ad5885344f949c887d76671d94bc5342d8f219eacb0e4d46a,374.576873,38.8155705,18.43162,28.897704,6443008,0,6089,3802,2426,349.0,1079.0,119042.0,946,True,,3.14.3,Linux-7.0.0-1011-gcp-x86_64-with-glibc2.39
linux-geometry-20261008,2026-10-08T15:15:14.671628+00:00,ok,measured,4,b16-d3,16,3,4096,12,2.44140625,20260824,10000,10,100,spread,32,92d8d19dc55a409ad5885344f949c887d76671d94bc5342d8f219eacb0e4d46a,202.3921,27.3286205,14.977577,21.44354,8515584,0,3929,2809,5682,196.5,1271.5,128039.5,946,True,,3.14.3,Linux-7.0.0-1011-gcp-x86_64-with-glibc2.39
linux-geometry-20261008,2026-10-08T15:15:15.923626+00:00,ok,measured,4,b4-d6,4,6,4096,12,2.44140625,20260824,10000,10,100,spread,32,92d8d19dc55a409ad5885344f949c887d76671d94bc5342d8f219eacb0e4d46a,224.01815,33.3993695,15.183334,22.418207,4538368,0,3628,1822,5682,348.5,621.5,97430.0,946,True,,3.14.3,Linux-7.0.0-1011-gcp-x86_64-with-glibc2.39
linux-geometry-20261008,2026-10-08T15:15:16.953416+00:00,ok,measured,4,b8-d3,8,3,512,9,19.53125,20260824,10000,10,100,spread,32,92d8d19dc55a409ad5885344f949c887d76671d94bc5342d8f219eacb0e4d46a,135.535791,29.083858499999998,15.478111,16.958035,7217152,0,585,81,17048,151.0,327.5,136616.0,946,True,,3.14.3,Linux-7.0.0-1011-gcp-x86_64-with-glibc2.39
linux-geometry-20261008,2026-10-08T15:15:18.078434+00:00,ok,measured,4,b8-d4,8,4,4096,12,2.44140625,20260824,10000,10,100,spread,32,92d8d19dc55a409ad5885344f949c887d76671d94bc5342d8f219eacb0e4d46a,204.611352,24.4370785,15.316071,20.907374,4464640,0,3729,2373,5682,249.5,896.0,106932.0,946,True,,3.14.3,Linux-7.0.0-1011-gcp-x86_64-with-glibc2.39
linux-geometry-20261008,2026-10-08T15:15:19.241813+00:00,ok,measured,5,b16-d3,16,3,4096,12,2.44140625,20260824,10000,10,100,spread,32,92d8d19dc55a409ad5885344f949c887d76671d94bc5342d8f219eacb0e4d46a,206.115007,27.723526,15.456507,18.611507,8519680,0,3929,2809,5682,196.5,1271.5,128039.5,946,True,,3.14.3,Linux-7.0.0-1011-gcp-x86_64-with-glibc2.39
linux-geometry-20261008,2026-10-08T15:15:20.473358+00:00,ok,measured,5,b4-d6,4,6,4096,12,2.44140625,20260824,10000,10,100,spread,32,92d8d19dc55a409ad5885344f949c887d76671d94bc5342d8f219eacb0e4d46a,221.178084,30.865900000000003,16.262328,23.303881,4526080,0,3628,1822,5682,348.5,621.5,97430.0,946,True,,3.14.3,Linux-7.0.0-1011-gcp-x86_64-with-glibc2.39
linux-geometry-20261008,2026-10-08T15:15:21.494730+00:00,ok,measured,5,b8-d3,8,3,512,9,19.53125,20260824,10000,10,100,spread,32,92d8d19dc55a409ad5885344f949c887d76671d94bc5342d8f219eacb0e4d46a,134.449925,28.272163499999998,14.710121,17.179123,7196672,0,585,81,17048,151.0,327.5,136616.0,946,True,,3.14.3,Linux-7.0.0-1011-gcp-x86_64-with-glibc2.39
linux-geometry-20261008,2026-10-08T15:15:22.655383+00:00,ok,measured,5,b8-d4,8,4,4096,12,2.44140625,20260824,10000,10,100,spread,32,92d8d19dc55a409ad5885344f949c887d76671d94bc5342d8f219eacb0e4d46a,205.907229,26.039012,14.709555,19.387013,4538368,0,3729,2373,5682,249.5,896.0,106932.0,946,True,,3.14.3,Linux-7.0.0-1011-gcp-x86_64-with-glibc2.39
linux-geometry-20261008,2026-10-08T15:15:24.209244+00:00,ok,measured,5,b8-d5,8,5,32768,15,0.30517578125,20260824,10000,10,100,spread,32,92d8d19dc55a409ad5885344f949c887d76671d94bc5342d8f219eacb0e4d46a,376.716266,37.7145695,17.407594,29.386847,6463488,0,6089,3802,2426,349.0,1079.0,119042.0,946,True,,3.14.3,Linux-7.0.0-1011-gcp-x86_64-with-glibc2.39
linux-geometry-20261008,2026-10-08T15:15:25.455360+00:00,ok,measured,6,b4-d6,4,6,4096,12,2.44140625,20260824,10000,10,100,spread,32,92d8d19dc55a409ad5885344f949c887d76671d94bc5342d8f219eacb0e4d46a,227.269229,30.536344,16.74164,22.99379,4513792,0,3628,1822,5682,348.5,621.5,97430.0,946,True,,3.14.3,Linux-7.0.0-1011-gcp-x86_64-with-glibc2.39
linux-geometry-20261008,2026-10-08T15:15:26.467996+00:00,ok,measured,6,b8-d3,8,3,512,9,19.53125,20260824,10000,10,100,spread,32,92d8d19dc55a409ad5885344f949c887d76671d94bc5342d8f219eacb0e4d46a,132.456947,26.15112,16.568589,15.607649,7241728,0,585,81,17048,151.0,327.5,136616.0,946,True,,3.14.3,Linux-7.0.0-1011-gcp-x86_64-with-glibc2.39
linux-geometry-20261008,2026-10-08T15:15:27.627149+00:00,ok,measured,6,b8-d4,8,4,4096,12,2.44140625,20260824,10000,10,100,spread,32,92d8d19dc55a409ad5885344f949c887d76671d94bc5342d8f219eacb0e4d46a,209.804615,27.2096185,15.599922,21.51948,4472832,0,3729,2373,5682,249.5,896.0,106932.0,946,True,,3.14.3,Linux-7.0.0-1011-gcp-x86_64-with-glibc2.39
linux-geometry-20261008,2026-10-08T15:15:29.174093+00:00,ok,measured,6,b8-d5,8,5,32768,15,0.30517578125,20260824,10000,10,100,spread,32,92d8d19dc55a409ad5885344f949c887d76671d94bc5342d8f219eacb0e4d46a,377.813628,38.5274995,18.764826,27.406627,6467584,0,6089,3802,2426,349.0,1079.0,119042.0,946,True,,3.14.3,Linux-7.0.0-1011-gcp-x86_64-with-glibc2.39
linux-geometry-20261008,2026-10-08T15:15:30.365485+00:00,ok,measured,6,b16-d3,16,3,4096,12,2.44140625,20260824,10000,10,100,spread,32,92d8d19dc55a409ad5885344f949c887d76671d94bc5342d8f219eacb0e4d46a,199.430222,27.3024955,16.254605,21.67432,8491008,0,3929,2809,5682,196.5,1271.5,128039.5,946,True,,3.14.3,Linux-7.0.0-1011-gcp-x86_64-with-glibc2.39
linux-geometry-20261008,2026-10-08T15:15:31.411052+00:00,ok,measured,7,b8-d3,8,3,512,9,19.53125,20260824,10000,10,100,spread,32,92d8d19dc55a409ad5885344f949c887d76671d94bc5342d8f219eacb0e4d46a,135.282527,29.3372855,15.613718,18.460936,7225344,0,585,81,17048,151.0,327.5,136616.0,946,True,,3.14.3,Linux-7.0.0-1011-gcp-x86_64-with-glibc2.39
linux-geometry-20261008,2026-10-08T15:15:32.566672+00:00,ok,measured,7,b8-d4,8,4,4096,12,2.44140625,20260824,10000,10,100,spread,32,92d8d19dc55a409ad5885344f949c887d76671d94bc5342d8f219eacb0e4d46a,209.830552,25.865465,14.29394,19.040736,4431872,0,3729,2373,5682,249.5,896.0,106932.0,946,True,,3.14.3,Linux-7.0.0-1011-gcp-x86_64-with-glibc2.39
linux-geometry-20261008,2026-10-08T15:15:34.138770+00:00,ok,measured,7,b8-d5,8,5,32768,15,0.30517578125,20260824,10000,10,100,spread,32,92d8d19dc55a409ad5885344f949c887d76671d94bc5342d8f219eacb0e4d46a,390.302466,39.3346555,19.010118,26.124904,6492160,0,6089,3802,2426,349.0,1079.0,119042.0,946,True,,3.14.3,Linux-7.0.0-1011-gcp-x86_64-with-glibc2.39
linux-geometry-20261008,2026-10-08T15:15:35.338059+00:00,ok,measured,7,b16-d3,16,3,4096,12,2.44140625,20260824,10000,10,100,spread,32,92d8d19dc55a409ad5885344f949c887d76671d94bc5342d8f219eacb0e4d46a,196.718093,28.2915805,16.180113,19.657025,8503296,0,3929,2809,5682,196.5,1271.5,128039.5,946,True,,3.14.3,Linux-7.0.0-1011-gcp-x86_64-with-glibc2.39
linux-geometry-20261008,2026-10-08T15:15:36.569714+00:00,ok,measured,7,b4-d6,4,6,4096,12,2.44140625,20260824,10000,10,100,spread,32,92d8d19dc55a409ad5885344f949c887d76671d94bc5342d8f219eacb0e4d46a,225.185876,30.1849825,15.962501,20.184057,4562944,0,3628,1822,5682,348.5,621.5,97430.0,946,True,,3.14.3,Linux-7.0.0-1011-gcp-x86_64-with-glibc2.39
