profile,block,phase,variant,initial_import_ms,commit_ms,checkout_ms,open_verify_ms,output_sha256,correctness,log_ms,merkle_ms,hybrid_ms
10k-spread-h10,0,warmup,before,169.0163,14.69885,8.0426,164.6744,64c3a2254f782364d4717f55cbb16bd7ce454726e1e910bf7fdfe15084c0b576,True,0.3194,1.0696,0.1609
10k-spread-h10,0,warmup,after,168.9404,20.3625,14.1623,143.6387,64c3a2254f782364d4717f55cbb16bd7ce454726e1e910bf7fdfe15084c0b576,True,0.4503,1.4988,0.2601
10k-spread-h10,1,measured,after,178.6048,13.94435,10.3405,136.7056,64c3a2254f782364d4717f55cbb16bd7ce454726e1e910bf7fdfe15084c0b576,True,0.3002,1.2896,0.176
10k-spread-h10,1,measured,before,162.6781,13.91305,7.9968,166.4376,64c3a2254f782364d4717f55cbb16bd7ce454726e1e910bf7fdfe15084c0b576,True,0.3072,1.3112,0.1959
10k-spread-h10,2,measured,before,331.0215,29.17015,11.0687,238.2939,64c3a2254f782364d4717f55cbb16bd7ce454726e1e910bf7fdfe15084c0b576,True,0.4009,1.4806,0.2101
10k-spread-h10,2,measured,after,308.1387,26.00825,15.8691,234.0177,64c3a2254f782364d4717f55cbb16bd7ce454726e1e910bf7fdfe15084c0b576,True,0.4092,1.7529,0.2906
10k-spread-h10,3,measured,after,321.5474,23.25835,14.9963,228.8554,64c3a2254f782364d4717f55cbb16bd7ce454726e1e910bf7fdfe15084c0b576,True,0.4393,1.9935,0.2486
10k-spread-h10,3,measured,before,334.5424,27.3511,13.6379,235.9889,64c3a2254f782364d4717f55cbb16bd7ce454726e1e910bf7fdfe15084c0b576,True,0.5082,1.6555,0.2277
10k-spread-h10,4,measured,before,280.6576,25.37355,10.5677,232.6961,64c3a2254f782364d4717f55cbb16bd7ce454726e1e910bf7fdfe15084c0b576,True,0.2724,1.2504,0.2481
10k-spread-h10,4,measured,after,322.2673,27.405700000000003,16.241,216.6078,64c3a2254f782364d4717f55cbb16bd7ce454726e1e910bf7fdfe15084c0b576,True,0.5212,1.8274,0.3062
10k-spread-h10,5,measured,after,340.6125,28.926650000000002,15.0342,206.2374,64c3a2254f782364d4717f55cbb16bd7ce454726e1e910bf7fdfe15084c0b576,True,0.6105,1.9679,0.3335
10k-spread-h10,5,measured,before,312.6282,29.3901,12.9365,234.6209,64c3a2254f782364d4717f55cbb16bd7ce454726e1e910bf7fdfe15084c0b576,True,0.8844,2.515,0.4323
10k-repeated-h50,0,warmup,after,344.828,101.742,15.1817,786.3271,498cf2ee84d3c044ecaf75daacf3edc5e87682cf08c090f414951c9abb149807,True,1.0938,1.9708,1.4385
10k-repeated-h50,0,warmup,before,346.6074,96.60695,13.4214,836.5448,498cf2ee84d3c044ecaf75daacf3edc5e87682cf08c090f414951c9abb149807,True,1.3375,2.0694,1.329
10k-repeated-h50,1,measured,before,278.3328,110.00775,8.1599,864.8771,498cf2ee84d3c044ecaf75daacf3edc5e87682cf08c090f414951c9abb149807,True,0.792,1.0867,0.8537
10k-repeated-h50,1,measured,after,357.3922,97.99995000000001,18.7775,823.6576,498cf2ee84d3c044ecaf75daacf3edc5e87682cf08c090f414951c9abb149807,True,1.0629,1.6584,1.389
10k-repeated-h50,2,measured,after,330.0329,104.98655,11.0457,796.0826,498cf2ee84d3c044ecaf75daacf3edc5e87682cf08c090f414951c9abb149807,True,0.8785,1.3119,0.8913
10k-repeated-h50,2,measured,before,315.6902,118.6373,12.0565,773.6675,498cf2ee84d3c044ecaf75daacf3edc5e87682cf08c090f414951c9abb149807,True,1.1668,1.7392,1.2564
10k-repeated-h50,3,measured,before,354.6286,101.8738,12.414,739.0158,498cf2ee84d3c044ecaf75daacf3edc5e87682cf08c090f414951c9abb149807,True,2.0984,2.5241,1.6853
10k-repeated-h50,3,measured,after,349.2275,96.008,15.1302,728.5575,498cf2ee84d3c044ecaf75daacf3edc5e87682cf08c090f414951c9abb149807,True,0.9152,1.6507,1.4236
10k-repeated-h50,4,measured,after,348.6401,102.9224,17.6485,806.1061,498cf2ee84d3c044ecaf75daacf3edc5e87682cf08c090f414951c9abb149807,True,2.1221,2.7993,1.9246
10k-repeated-h50,4,measured,before,336.2282,98.41120000000001,12.8125,779.5946,498cf2ee84d3c044ecaf75daacf3edc5e87682cf08c090f414951c9abb149807,True,0.6732,0.9527,0.9343
10k-repeated-h50,5,measured,before,275.7408,103.63165000000001,12.4798,793.7187,498cf2ee84d3c044ecaf75daacf3edc5e87682cf08c090f414951c9abb149807,True,1.2379,2.2145,1.3596
10k-repeated-h50,5,measured,after,321.8315,106.7213,15.8724,756.9351,498cf2ee84d3c044ecaf75daacf3edc5e87682cf08c090f414951c9abb149807,True,1.1011,1.514,1.5113
100k-spread-h10,0,warmup,before,1305.4468,147.83524999999997,225.7891,1422.3346,556ddd04eb02adbfaa828c6061c74e715e9a2911dca33752411cb1ca5c66e51b,True,4.0655,28.1894,2.9909
100k-spread-h10,0,warmup,after,1599.3605,123.13239999999999,163.1698,1503.7673,556ddd04eb02adbfaa828c6061c74e715e9a2911dca33752411cb1ca5c66e51b,True,3.3481,25.8257,2.5147
100k-spread-h10,1,measured,after,1862.9361,159.4115,223.4543,1556.4316,556ddd04eb02adbfaa828c6061c74e715e9a2911dca33752411cb1ca5c66e51b,True,3.8164,31.1026,3.3839
100k-spread-h10,1,measured,before,1868.6072,146.28525,211.2327,2207.5824,556ddd04eb02adbfaa828c6061c74e715e9a2911dca33752411cb1ca5c66e51b,True,2.767,25.3861,3.1108
100k-spread-h10,2,measured,before,1745.831,166.60415,205.2286,1678.1255,556ddd04eb02adbfaa828c6061c74e715e9a2911dca33752411cb1ca5c66e51b,True,4.4185,35.7507,3.7477
100k-spread-h10,2,measured,after,1884.2741,158.43849999999998,221.9108,1730.0111,556ddd04eb02adbfaa828c6061c74e715e9a2911dca33752411cb1ca5c66e51b,True,3.2491,28.8296,3.6079
100k-spread-h10,3,measured,after,1731.5586,124.28215,177.0252,2127.8493,556ddd04eb02adbfaa828c6061c74e715e9a2911dca33752411cb1ca5c66e51b,True,3.1274,25.0572,2.5378
100k-spread-h10,3,measured,before,2023.6281,165.4223,205.4268,1718.2548,556ddd04eb02adbfaa828c6061c74e715e9a2911dca33752411cb1ca5c66e51b,True,2.5993,23.491,3.5774
100k-spread-h10,4,measured,before,1759.6153,144.80415,203.5395,1724.0941,556ddd04eb02adbfaa828c6061c74e715e9a2911dca33752411cb1ca5c66e51b,True,2.6534,21.5197,2.2345
100k-spread-h10,4,measured,after,1918.7969,142.0615,206.747,2264.673,556ddd04eb02adbfaa828c6061c74e715e9a2911dca33752411cb1ca5c66e51b,True,5.2056,30.7188,3.0176
100k-spread-h10,5,measured,after,1828.2434,190.08915000000002,311.1272,2179.7767,556ddd04eb02adbfaa828c6061c74e715e9a2911dca33752411cb1ca5c66e51b,True,12.7481,35.6983,5.6632
100k-spread-h10,5,measured,before,2162.9152,161.34705000000002,209.5754,1780.6547,556ddd04eb02adbfaa828c6061c74e715e9a2911dca33752411cb1ca5c66e51b,True,4.2508,26.2877,3.2549
