scenario,split,strategy,threshold,median_ms,oracle_ms,normalized_score,regret_ms
calibration-n10000-h4-spread-o1024,calibration,log,0,2.6683,2.6683,1.0,0.0
calibration-n10000-h4-spread-o1024,calibration,merkle,0,5.7488,2.6683,2.1544803807667803,3.0805000000000002
calibration-n10000-h4-spread-o1024,calibration,hybrid,1024,2.9712,2.6683,1.113517970243226,0.30290000000000017
calibration-n10000-h4-spread-o1024,calibration,hybrid,2048,3.128,2.6683,1.1722819772889106,0.4597000000000002
calibration-n10000-h4-spread-o1024,calibration,hybrid,4096,3.1276,2.6683,1.1721320691076718,0.45930000000000026
calibration-n10000-h4-spread-o1024,calibration,hybrid,8192,3.1115,2.6683,1.1660982648128022,0.44320000000000004
calibration-n10000-h4-spread-o1024,calibration,hybrid,16384,3.562,2.6683,1.3349323539332159,0.8936999999999999
calibration-n10000-h4-spread-o16384,calibration,log,0,42.6643,42.6643,1.0,0.0
calibration-n10000-h4-spread-o16384,calibration,merkle,0,50.0275,42.6643,1.1725845730505366,7.363200000000006
calibration-n10000-h4-spread-o16384,calibration,hybrid,1024,46.1905,42.6643,1.0826498969864735,3.526200000000003
calibration-n10000-h4-spread-o16384,calibration,hybrid,2048,46.8703,42.6643,1.0985835933086914,4.206000000000003
calibration-n10000-h4-spread-o16384,calibration,hybrid,4096,47.3024,42.6643,1.1087114988409514,4.638100000000001
calibration-n10000-h4-spread-o16384,calibration,hybrid,8192,51.545,42.6643,1.2081529522340693,8.880700000000004
calibration-n10000-h4-spread-o16384,calibration,hybrid,16384,38.5393,42.6643,0.9033149495011051,-4.125
calibration-n10000-h4-spread-o2048,calibration,log,0,7.9065,7.9065,1.0,0.0
calibration-n10000-h4-spread-o2048,calibration,merkle,0,13.6187,7.9065,1.722468854739771,5.7122
calibration-n10000-h4-spread-o2048,calibration,hybrid,1024,12.1233,7.9065,1.5333333333333332,4.2168
calibration-n10000-h4-spread-o2048,calibration,hybrid,2048,6.9524,7.9065,0.879327135900841,-0.9541000000000004
calibration-n10000-h4-spread-o2048,calibration,hybrid,4096,7.0459,7.9065,0.8911528489217732,-0.8606000000000007
calibration-n10000-h4-spread-o2048,calibration,hybrid,8192,7.4746,7.9065,0.9453740593182823,-0.4319000000000006
calibration-n10000-h4-spread-o2048,calibration,hybrid,16384,6.506,7.9065,0.8228672611142731,-1.4005
calibration-n10000-h4-spread-o32768,calibration,log,0,42.6597,42.6597,1.0,0.0
calibration-n10000-h4-spread-o32768,calibration,merkle,0,49.7757,42.6597,1.1668084866982187,7.116
calibration-n10000-h4-spread-o32768,calibration,hybrid,1024,57.2841,42.6597,1.3428153503189193,14.624400000000001
calibration-n10000-h4-spread-o32768,calibration,hybrid,2048,49.8551,42.6597,1.168669728104042,7.195399999999999
calibration-n10000-h4-spread-o32768,calibration,hybrid,4096,58.5984,42.6597,1.3736242870906263,15.938699999999997
calibration-n10000-h4-spread-o32768,calibration,hybrid,8192,53.5437,42.6597,1.2551354088284727,10.884
calibration-n10000-h4-spread-o32768,calibration,hybrid,16384,49.1608,42.6597,1.1523944144004763,6.501100000000001
calibration-n10000-h4-spread-o4096,calibration,log,0,13.0907,13.0907,1.0,0.0
calibration-n10000-h4-spread-o4096,calibration,merkle,0,19.5439,13.0907,1.4929606514548497,6.453200000000001
calibration-n10000-h4-spread-o4096,calibration,hybrid,1024,19.8972,13.0907,1.5199492769676184,6.8065000000000015
calibration-n10000-h4-spread-o4096,calibration,hybrid,2048,19.462,13.0907,1.4867043015270383,6.3713
calibration-n10000-h4-spread-o4096,calibration,hybrid,4096,12.1979,13.0907,0.9317989106770456,-0.8927999999999994
calibration-n10000-h4-spread-o4096,calibration,hybrid,8192,12.9504,13.0907,0.9892824677060814,-0.14029999999999987
calibration-n10000-h4-spread-o4096,calibration,hybrid,16384,14.0267,13.0907,1.0715011420321296,0.9359999999999999
calibration-n10000-h4-spread-o512,calibration,log,0,1.7158,1.7158,1.0,0.0
calibration-n10000-h4-spread-o512,calibration,merkle,0,3.7886,1.7158,2.208066208182772,2.0728
calibration-n10000-h4-spread-o512,calibration,hybrid,1024,1.5327,1.7158,0.8932859307611609,-0.18310000000000004
calibration-n10000-h4-spread-o512,calibration,hybrid,2048,1.5594,1.7158,0.9088471849865951,-0.1564000000000001
calibration-n10000-h4-spread-o512,calibration,hybrid,4096,1.5182,1.7158,0.8848350623615806,-0.1976
calibration-n10000-h4-spread-o512,calibration,hybrid,8192,1.5499,1.7158,0.9033104091385943,-0.16589999999999994
calibration-n10000-h4-spread-o512,calibration,hybrid,16384,1.6125,1.7158,0.9397948478843688,-0.10329999999999995
calibration-n10000-h4-spread-o8192,calibration,log,0,28.5278,28.5278,1.0,0.0
calibration-n10000-h4-spread-o8192,calibration,merkle,0,35.3504,28.5278,1.2391561915044274,6.822600000000001
calibration-n10000-h4-spread-o8192,calibration,hybrid,1024,39.026,28.5278,1.3679989343727874,10.498200000000004
calibration-n10000-h4-spread-o8192,calibration,hybrid,2048,33.0498,28.5278,1.158512047897139,4.5219999999999985
calibration-n10000-h4-spread-o8192,calibration,hybrid,4096,33.4311,28.5278,1.1718779576413183,4.9033000000000015
calibration-n10000-h4-spread-o8192,calibration,hybrid,8192,22.4306,28.5278,0.7862716367893774,-6.097200000000001
calibration-n10000-h4-spread-o8192,calibration,hybrid,16384,23.9926,28.5278,0.8410252455499548,-4.5352
calibration-n10000-h64-repeated-key-o1024,calibration,log,0,0.5233,0.5233,1.0,0.0
calibration-n10000-h64-repeated-key-o1024,calibration,merkle,0,2.0126,0.5233,3.845977450793044,1.4893
calibration-n10000-h64-repeated-key-o1024,calibration,hybrid,1024,0.5767,0.5233,1.1020447162239633,0.0534
calibration-n10000-h64-repeated-key-o1024,calibration,hybrid,2048,0.5573,0.5233,1.0649722912287407,0.03400000000000003
calibration-n10000-h64-repeated-key-o1024,calibration,hybrid,4096,0.5354,0.5233,1.0231224918784636,0.0121
calibration-n10000-h64-repeated-key-o1024,calibration,hybrid,8192,0.5549,0.5233,1.0603860118478883,0.03159999999999996
calibration-n10000-h64-repeated-key-o1024,calibration,hybrid,16384,0.5161,0.5233,0.9862411618574431,-0.007199999999999984
calibration-n10000-h64-repeated-key-o16384,calibration,log,0,3.9903,3.9903,1.0,0.0
calibration-n10000-h64-repeated-key-o16384,calibration,merkle,0,8.2522,3.9903,2.0680650577650805,4.261900000000001
calibration-n10000-h64-repeated-key-o16384,calibration,hybrid,1024,6.52,3.9903,1.6339623587198957,2.5296999999999996
calibration-n10000-h64-repeated-key-o16384,calibration,hybrid,2048,6.4119,3.9903,1.6068716637846778,2.4216
calibration-n10000-h64-repeated-key-o16384,calibration,hybrid,4096,6.6366,3.9903,1.663183219306819,2.6462999999999997
calibration-n10000-h64-repeated-key-o16384,calibration,hybrid,8192,7.0031,3.9903,1.7550309500538805,3.0128
calibration-n10000-h64-repeated-key-o16384,calibration,hybrid,16384,3.7449,3.9903,0.9385008645966468,-0.24540000000000006
calibration-n10000-h64-repeated-key-o2048,calibration,log,0,0.5777,0.5777,1.0,0.0
calibration-n10000-h64-repeated-key-o2048,calibration,merkle,0,1.7514,0.5777,3.0316773411805436,1.1737000000000002
calibration-n10000-h64-repeated-key-o2048,calibration,hybrid,1024,1.6613,0.5777,2.87571403842825,1.0836000000000001
calibration-n10000-h64-repeated-key-o2048,calibration,hybrid,2048,0.5772,0.5777,0.9991344988748486,-0.0004999999999999449
calibration-n10000-h64-repeated-key-o2048,calibration,hybrid,4096,0.6481,0.5777,1.121862558421326,0.07040000000000002
calibration-n10000-h64-repeated-key-o2048,calibration,hybrid,8192,0.6543,0.5777,1.1325947723732042,0.0766
calibration-n10000-h64-repeated-key-o2048,calibration,hybrid,16384,0.6333,0.5777,1.0962437251168426,0.05559999999999998
calibration-n10000-h64-repeated-key-o32768,calibration,log,0,8.9801,8.9801,1.0,0.0
calibration-n10000-h64-repeated-key-o32768,calibration,merkle,0,15.5029,8.9801,1.7263616218082205,6.5228
calibration-n10000-h64-repeated-key-o32768,calibration,hybrid,1024,12.2195,8.9801,1.3607309495439917,3.2394
calibration-n10000-h64-repeated-key-o32768,calibration,hybrid,2048,15.6659,8.9801,1.7445128673400074,6.6858
calibration-n10000-h64-repeated-key-o32768,calibration,hybrid,4096,12.9855,8.9801,1.4460306678099353,4.0054
calibration-n10000-h64-repeated-key-o32768,calibration,hybrid,8192,11.3477,8.9801,1.263649625282569,2.3675999999999995
calibration-n10000-h64-repeated-key-o32768,calibration,hybrid,16384,15.6939,8.9801,1.7476308727074308,6.713799999999999
calibration-n10000-h64-repeated-key-o4096,calibration,log,0,0.9793,0.9793,1.0,0.0
calibration-n10000-h64-repeated-key-o4096,calibration,merkle,0,2.3932,0.9793,2.4437863780251203,1.4139000000000004
calibration-n10000-h64-repeated-key-o4096,calibration,hybrid,1024,2.3877,0.9793,2.4381701215153684,1.4084000000000003
calibration-n10000-h64-repeated-key-o4096,calibration,hybrid,2048,2.2958,0.9793,2.3443275809251505,1.3165
calibration-n10000-h64-repeated-key-o4096,calibration,hybrid,4096,1.0316,0.9793,1.0534054937200041,0.052300000000000124
calibration-n10000-h64-repeated-key-o4096,calibration,hybrid,8192,1.0552,0.9793,1.0775043398345756,0.07589999999999997
calibration-n10000-h64-repeated-key-o4096,calibration,hybrid,16384,1.0323,0.9793,1.0541202900030635,0.05300000000000005
calibration-n10000-h64-repeated-key-o512,calibration,log,0,0.1476,0.1476,1.0,0.0
calibration-n10000-h64-repeated-key-o512,calibration,merkle,0,0.3645,0.1476,2.469512195121951,0.21689999999999998
calibration-n10000-h64-repeated-key-o512,calibration,hybrid,1024,0.1547,0.1476,1.0481029810298104,0.007099999999999995
calibration-n10000-h64-repeated-key-o512,calibration,hybrid,2048,0.1536,0.1476,1.040650406504065,0.005999999999999978
calibration-n10000-h64-repeated-key-o512,calibration,hybrid,4096,0.1528,0.1476,1.035230352303523,0.005199999999999982
calibration-n10000-h64-repeated-key-o512,calibration,hybrid,8192,0.154,0.1476,1.043360433604336,0.006399999999999989
calibration-n10000-h64-repeated-key-o512,calibration,hybrid,16384,0.1548,0.1476,1.0487804878048779,0.007199999999999984
calibration-n10000-h64-repeated-key-o8192,calibration,log,0,2.212,2.212,1.0,0.0
calibration-n10000-h64-repeated-key-o8192,calibration,merkle,0,4.1929,2.212,1.895524412296564,1.9808999999999997
calibration-n10000-h64-repeated-key-o8192,calibration,hybrid,1024,4.2623,2.212,1.926898734177215,2.0502999999999996
calibration-n10000-h64-repeated-key-o8192,calibration,hybrid,2048,4.9371,2.212,2.2319620253164554,2.7251
calibration-n10000-h64-repeated-key-o8192,calibration,hybrid,4096,4.1272,2.212,1.8658227848101265,1.9152
calibration-n10000-h64-repeated-key-o8192,calibration,hybrid,8192,2.1087,2.212,0.9533001808318262,-0.10330000000000039
calibration-n10000-h64-repeated-key-o8192,calibration,hybrid,16384,2.3074,2.212,1.0431283905967448,0.09539999999999971
calibration-n100000-h16-spread-o1024,calibration,log,0,3.7001,3.7001,1.0,0.0
calibration-n100000-h16-spread-o1024,calibration,merkle,0,15.0,3.7001,4.053944487986811,11.299900000000001
calibration-n100000-h16-spread-o1024,calibration,hybrid,1024,3.9224,3.7001,1.0600794573119645,0.22230000000000016
calibration-n100000-h16-spread-o1024,calibration,hybrid,2048,3.5745,3.7001,0.9660549714872572,-0.12559999999999993
calibration-n100000-h16-spread-o1024,calibration,hybrid,4096,3.6031,3.7001,0.9737844923110186,-0.09699999999999998
calibration-n100000-h16-spread-o1024,calibration,hybrid,8192,3.6222,3.7001,0.9789465149590552,-0.07790000000000008
calibration-n100000-h16-spread-o1024,calibration,hybrid,16384,3.4969,3.7001,0.945082565336072,-0.20319999999999983
calibration-n100000-h16-spread-o16384,calibration,log,0,59.4215,59.4215,1.0,0.0
calibration-n100000-h16-spread-o16384,calibration,merkle,0,101.0775,59.4215,1.7010257230127142,41.656
calibration-n100000-h16-spread-o16384,calibration,hybrid,1024,102.7526,59.4215,1.72921585621366,43.3311
calibration-n100000-h16-spread-o16384,calibration,hybrid,2048,101.6814,59.4215,1.711188711156736,42.259899999999995
calibration-n100000-h16-spread-o16384,calibration,hybrid,4096,103.2717,59.4215,1.7379517514704272,43.850199999999994
calibration-n100000-h16-spread-o16384,calibration,hybrid,8192,105.4293,59.4215,1.774261841252745,46.007799999999996
calibration-n100000-h16-spread-o16384,calibration,hybrid,16384,60.5057,59.4215,1.018245921089168,1.0841999999999956
calibration-n100000-h16-spread-o2048,calibration,log,0,7.2848,7.2848,1.0,0.0
calibration-n100000-h16-spread-o2048,calibration,merkle,0,29.0943,7.2848,3.9938364814408085,21.8095
calibration-n100000-h16-spread-o2048,calibration,hybrid,1024,26.184,7.2848,3.5943334065451356,18.8992
calibration-n100000-h16-spread-o2048,calibration,hybrid,2048,7.259,7.2848,0.9964583790907096,-0.02579999999999938
calibration-n100000-h16-spread-o2048,calibration,hybrid,4096,7.2635,7.2848,0.9970761036679112,-0.021300000000000097
calibration-n100000-h16-spread-o2048,calibration,hybrid,8192,8.3143,7.2848,1.1413216560509554,1.0294999999999996
calibration-n100000-h16-spread-o2048,calibration,hybrid,16384,7.5081,7.2848,1.0306528662420382,0.22330000000000005
calibration-n100000-h16-spread-o32768,calibration,log,0,117.4234,117.4234,1.0,0.0
calibration-n100000-h16-spread-o32768,calibration,merkle,0,157.5392,117.4234,1.3416337799791183,40.11579999999999
calibration-n100000-h16-spread-o32768,calibration,hybrid,1024,163.165,117.4234,1.389544162407152,45.74159999999999
calibration-n100000-h16-spread-o32768,calibration,hybrid,2048,164.6577,117.4234,1.4022562794127917,47.234300000000005
calibration-n100000-h16-spread-o32768,calibration,hybrid,4096,160.7318,117.4234,1.3688225685851372,43.30839999999999
calibration-n100000-h16-spread-o32768,calibration,hybrid,8192,159.6774,117.4234,1.3598430977130624,42.254000000000005
calibration-n100000-h16-spread-o32768,calibration,hybrid,16384,162.8713,117.4234,1.3870429573662488,45.44789999999999
calibration-n100000-h16-spread-o4096,calibration,log,0,15.0987,15.0987,1.0,0.0
calibration-n100000-h16-spread-o4096,calibration,merkle,0,43.8589,15.0987,2.9048129971454495,28.760199999999998
calibration-n100000-h16-spread-o4096,calibration,hybrid,1024,42.1516,15.0987,2.7917370369634473,27.0529
calibration-n100000-h16-spread-o4096,calibration,hybrid,2048,41.8149,15.0987,2.7694371038566237,26.7162
calibration-n100000-h16-spread-o4096,calibration,hybrid,4096,14.5382,15.0987,0.9628775987336659,-0.5604999999999993
calibration-n100000-h16-spread-o4096,calibration,hybrid,8192,15.2027,15.0987,1.006888010226046,0.10400000000000098
calibration-n100000-h16-spread-o4096,calibration,hybrid,16384,15.1138,15.0987,1.0010000861001278,0.015100000000000335
calibration-n100000-h16-spread-o512,calibration,log,0,1.7026,1.7026,1.0,0.0
calibration-n100000-h16-spread-o512,calibration,merkle,0,8.3612,1.7026,4.910842241278046,6.6586
calibration-n100000-h16-spread-o512,calibration,hybrid,1024,1.6413,1.7026,0.9639962410431105,-0.06129999999999991
calibration-n100000-h16-spread-o512,calibration,hybrid,2048,1.6971,1.7026,0.9967696464231177,-0.005499999999999838
calibration-n100000-h16-spread-o512,calibration,hybrid,4096,1.6296,1.7026,0.9571243979795607,-0.07299999999999995
calibration-n100000-h16-spread-o512,calibration,hybrid,8192,1.6266,1.7026,0.9553623869376249,-0.07599999999999985
calibration-n100000-h16-spread-o512,calibration,hybrid,16384,1.5977,1.7026,0.9383883472336426,-0.1049
calibration-n100000-h16-spread-o8192,calibration,log,0,30.8716,30.8716,1.0,0.0
calibration-n100000-h16-spread-o8192,calibration,merkle,0,69.3732,30.8716,2.2471527228909416,38.501599999999996
calibration-n100000-h16-spread-o8192,calibration,hybrid,1024,70.5055,30.8716,2.2838304461058057,39.6339
calibration-n100000-h16-spread-o8192,calibration,hybrid,2048,71.4949,30.8716,2.31587931950401,40.6233
calibration-n100000-h16-spread-o8192,calibration,hybrid,4096,67.3787,30.8716,2.1825464180670906,36.507099999999994
calibration-n100000-h16-spread-o8192,calibration,hybrid,8192,32.2033,30.8716,1.0431367340856967,1.3316999999999979
calibration-n100000-h16-spread-o8192,calibration,hybrid,16384,31.1661,30.8716,1.0095395120434314,0.2944999999999993
validation-n10000-h16-spread-o1024,validation,log,0,4.0674,4.0674,1.0,0.0
validation-n10000-h16-spread-o1024,validation,merkle,0,10.12,4.0674,2.488075920735605,6.052599999999999
validation-n10000-h16-spread-o1024,validation,hybrid,1024,3.4877,4.0674,0.8574765206274277,-0.5797000000000003
validation-n10000-h16-spread-o1024,validation,hybrid,2048,3.5805,4.0674,0.8802920784776515,-0.48690000000000033
validation-n10000-h16-spread-o1024,validation,hybrid,4096,4.5614,4.0674,1.121453508383734,0.4939999999999998
validation-n10000-h16-spread-o1024,validation,hybrid,8192,4.2779,4.0674,1.0517529625805182,0.2104999999999997
validation-n10000-h16-spread-o1024,validation,hybrid,16384,3.7647,4.0674,0.9255789939519102,-0.3027000000000002
validation-n10000-h16-spread-o16384,validation,log,0,38.8357,38.8357,1.0,0.0
validation-n10000-h16-spread-o16384,validation,merkle,0,60.5985,38.8357,1.5603812986504684,21.7628
validation-n10000-h16-spread-o16384,validation,hybrid,1024,50.6676,38.8357,1.304665552571474,11.831899999999997
validation-n10000-h16-spread-o16384,validation,hybrid,2048,51.2605,38.8357,1.319932433302348,12.424799999999998
validation-n10000-h16-spread-o16384,validation,hybrid,4096,48.9675,38.8357,1.260888821367968,10.131799999999998
validation-n10000-h16-spread-o16384,validation,hybrid,8192,52.8381,38.8357,1.3605548503052602,14.002399999999994
validation-n10000-h16-spread-o16384,validation,hybrid,16384,40.4489,38.8357,1.0415390993338602,1.613199999999999
validation-n10000-h16-spread-o2048,validation,log,0,7.9151,7.9151,1.0,0.0
validation-n10000-h16-spread-o2048,validation,merkle,0,13.5108,7.9151,1.7069651678437416,5.5957
validation-n10000-h16-spread-o2048,validation,hybrid,1024,14.8788,7.9151,1.8797993708228575,6.9637
validation-n10000-h16-spread-o2048,validation,hybrid,2048,7.01,7.9151,0.8856489494763174,-0.9051
validation-n10000-h16-spread-o2048,validation,hybrid,4096,7.3675,7.9151,0.9308157824916931,-0.5476000000000001
validation-n10000-h16-spread-o2048,validation,hybrid,8192,7.0301,7.9151,0.8881883993885106,-0.8849999999999998
validation-n10000-h16-spread-o2048,validation,hybrid,16384,7.2581,7.9151,0.9169940998850299,-0.657
validation-n10000-h16-spread-o32768,validation,log,0,50.0966,50.0966,1.0,0.0
validation-n10000-h16-spread-o32768,validation,merkle,0,68.7024,50.0966,1.3713984581787984,18.605799999999995
validation-n10000-h16-spread-o32768,validation,hybrid,1024,63.8912,50.0966,1.2753600044713613,13.794599999999996
validation-n10000-h16-spread-o32768,validation,hybrid,2048,56.9288,50.0966,1.1363805128491753,6.8322
validation-n10000-h16-spread-o32768,validation,hybrid,4096,53.0424,50.0966,1.0588023937752262,2.9457999999999984
validation-n10000-h16-spread-o32768,validation,hybrid,8192,54.0604,50.0966,1.0791231341049092,3.963799999999999
validation-n10000-h16-spread-o32768,validation,hybrid,16384,56.6094,50.0966,1.130004830667151,6.512799999999999
validation-n10000-h16-spread-o4096,validation,log,0,14.1373,14.1373,1.0,0.0
validation-n10000-h16-spread-o4096,validation,merkle,0,27.9054,14.1373,1.97388468802388,13.7681
validation-n10000-h16-spread-o4096,validation,hybrid,1024,23.8121,14.1373,1.6843456671358747,9.674800000000001
validation-n10000-h16-spread-o4096,validation,hybrid,2048,25.3625,14.1373,1.7940130010680966,11.225200000000001
validation-n10000-h16-spread-o4096,validation,hybrid,4096,13.917,14.1373,0.984417109349027,-0.22029999999999994
validation-n10000-h16-spread-o4096,validation,hybrid,8192,17.8485,14.1373,1.2625112291597407,3.7112000000000016
validation-n10000-h16-spread-o4096,validation,hybrid,16384,15.8344,14.1373,1.1200441385554527,1.6971000000000007
validation-n10000-h16-spread-o512,validation,log,0,1.5401,1.5401,1.0,0.0
validation-n10000-h16-spread-o512,validation,merkle,0,4.2478,1.5401,2.7581325887929355,2.7077
validation-n10000-h16-spread-o512,validation,hybrid,1024,1.5678,1.5401,1.0179858450749952,0.027700000000000058
validation-n10000-h16-spread-o512,validation,hybrid,2048,1.5364,1.5401,0.9975975586000909,-0.0037000000000000366
validation-n10000-h16-spread-o512,validation,hybrid,4096,1.4755,1.5401,0.95805467177456,-0.06459999999999999
validation-n10000-h16-spread-o512,validation,hybrid,8192,1.5297,1.5401,0.9932471917407961,-0.010399999999999965
validation-n10000-h16-spread-o512,validation,hybrid,16384,1.55,1.5401,1.006428154015973,0.00990000000000002
validation-n10000-h16-spread-o8192,validation,log,0,22.6777,22.6777,1.0,0.0
validation-n10000-h16-spread-o8192,validation,merkle,0,31.796,22.6777,1.4020822217420637,9.118299999999998
validation-n10000-h16-spread-o8192,validation,hybrid,1024,33.2774,22.6777,1.4674063066360343,10.599699999999999
validation-n10000-h16-spread-o8192,validation,hybrid,2048,31.57,22.6777,1.3921164844759388,8.892299999999999
validation-n10000-h16-spread-o8192,validation,hybrid,4096,33.63,22.6777,1.4829546206184931,10.952300000000001
validation-n10000-h16-spread-o8192,validation,hybrid,8192,24.4361,22.6777,1.0775387274723627,1.7583999999999982
validation-n10000-h16-spread-o8192,validation,hybrid,16384,22.7452,22.6777,1.0029764923250595,0.067499999999999
validation-n100000-h4-repeated-key-o1024,validation,log,0,1.7241,1.7241,1.0,0.0
validation-n100000-h4-repeated-key-o1024,validation,merkle,0,11.7379,1.7241,6.808131778899136,10.0138
validation-n100000-h4-repeated-key-o1024,validation,hybrid,1024,1.9101,1.7241,1.107882373412215,0.18599999999999994
validation-n100000-h4-repeated-key-o1024,validation,hybrid,2048,1.6988,1.7241,0.9853256771648977,-0.025299999999999878
validation-n100000-h4-repeated-key-o1024,validation,hybrid,4096,2.0513,1.7241,1.1897801751638535,0.32719999999999994
validation-n100000-h4-repeated-key-o1024,validation,hybrid,8192,2.0841,1.7241,1.2088045937010614,0.3599999999999999
validation-n100000-h4-repeated-key-o1024,validation,hybrid,16384,1.9445,1.7241,1.127834812365872,0.22039999999999993
validation-n100000-h4-repeated-key-o16384,validation,log,0,53.9496,53.9496,1.0,0.0
validation-n100000-h4-repeated-key-o16384,validation,merkle,0,120.3682,53.9496,2.2311231223215744,66.4186
validation-n100000-h4-repeated-key-o16384,validation,hybrid,1024,133.2703,53.9496,2.4702741076856918,79.32069999999999
validation-n100000-h4-repeated-key-o16384,validation,hybrid,2048,117.053,53.9496,2.1696731764461648,63.1034
validation-n100000-h4-repeated-key-o16384,validation,hybrid,4096,117.075,53.9496,2.1700809644557144,63.125400000000006
validation-n100000-h4-repeated-key-o16384,validation,hybrid,8192,114.1395,53.9496,2.115669068908759,60.1899
validation-n100000-h4-repeated-key-o16384,validation,hybrid,16384,63.0579,53.9496,1.1688297966991414,9.1083
validation-n100000-h4-repeated-key-o2048,validation,log,0,6.0979,6.0979,1.0,0.0
validation-n100000-h4-repeated-key-o2048,validation,merkle,0,30.3536,6.0979,4.9777136391216645,24.2557
validation-n100000-h4-repeated-key-o2048,validation,hybrid,1024,24.9179,6.0979,4.08630840125289,18.82
validation-n100000-h4-repeated-key-o2048,validation,hybrid,2048,5.8887,6.0979,0.965693107463225,-0.20920000000000005
validation-n100000-h4-repeated-key-o2048,validation,hybrid,4096,7.3656,6.0979,1.2078912412469867,1.2676999999999996
validation-n100000-h4-repeated-key-o2048,validation,hybrid,8192,6.0587,6.0979,0.9935715574214073,-0.039200000000000124
validation-n100000-h4-repeated-key-o2048,validation,hybrid,16384,4.0602,6.0979,0.6658357795306581,-2.0377
validation-n100000-h4-repeated-key-o32768,validation,log,0,96.6423,96.6423,1.0,0.0
validation-n100000-h4-repeated-key-o32768,validation,merkle,0,161.9704,96.6423,1.6759783241913737,65.3281
validation-n100000-h4-repeated-key-o32768,validation,hybrid,1024,159.537,96.6423,1.6507988737850816,62.8947
validation-n100000-h4-repeated-key-o32768,validation,hybrid,2048,156.8847,96.6423,1.6233543696704238,60.2424
validation-n100000-h4-repeated-key-o32768,validation,hybrid,4096,157.2528,96.6423,1.6271632608081554,60.6105
validation-n100000-h4-repeated-key-o32768,validation,hybrid,8192,134.0444,96.6423,1.3870158305421123,37.40209999999999
validation-n100000-h4-repeated-key-o32768,validation,hybrid,16384,155.5254,96.6423,1.609289100114546,58.883099999999985
validation-n100000-h4-repeated-key-o4096,validation,log,0,13.3759,13.3759,1.0,0.0
validation-n100000-h4-repeated-key-o4096,validation,merkle,0,54.749,13.3759,4.0931077534969615,41.3731
validation-n100000-h4-repeated-key-o4096,validation,hybrid,1024,46.884,13.3759,3.5051099365276355,33.5081
validation-n100000-h4-repeated-key-o4096,validation,hybrid,2048,54.7365,13.3759,4.092173236941066,41.3606
validation-n100000-h4-repeated-key-o4096,validation,hybrid,4096,9.1561,13.3759,0.6845221629946396,-4.219799999999999
validation-n100000-h4-repeated-key-o4096,validation,hybrid,8192,11.8261,13.3759,0.8841348993338767,-1.5497999999999994
validation-n100000-h4-repeated-key-o4096,validation,hybrid,16384,13.826,13.3759,1.0336500721446782,0.45010000000000083
validation-n100000-h4-repeated-key-o512,validation,log,0,0.8497,0.8497,1.0,0.0
validation-n100000-h4-repeated-key-o512,validation,merkle,0,7.0495,0.8497,8.29645757326115,6.1998
validation-n100000-h4-repeated-key-o512,validation,hybrid,1024,0.7878,0.8497,0.927150759091444,-0.061900000000000066
validation-n100000-h4-repeated-key-o512,validation,hybrid,2048,0.7808,0.8497,0.9189125573731906,-0.06889999999999996
validation-n100000-h4-repeated-key-o512,validation,hybrid,4096,0.8202,0.8497,0.9652818641873603,-0.02949999999999997
validation-n100000-h4-repeated-key-o512,validation,hybrid,8192,0.797,0.8497,0.9379781099211487,-0.05269999999999997
validation-n100000-h4-repeated-key-o512,validation,hybrid,16384,0.7723,0.8497,0.9089090267153113,-0.07740000000000002
validation-n100000-h4-repeated-key-o8192,validation,log,0,27.8623,27.8623,1.0,0.0
validation-n100000-h4-repeated-key-o8192,validation,merkle,0,69.2821,27.8623,2.486589405756165,41.419799999999995
validation-n100000-h4-repeated-key-o8192,validation,hybrid,1024,68.8416,27.8623,2.4707795121005804,40.979299999999995
validation-n100000-h4-repeated-key-o8192,validation,hybrid,2048,65.0446,27.8623,2.3345021767765046,37.1823
validation-n100000-h4-repeated-key-o8192,validation,hybrid,4096,67.1176,27.8623,2.408903787555227,39.25529999999999
validation-n100000-h4-repeated-key-o8192,validation,hybrid,8192,21.2299,27.8623,0.7619579144578875,-6.6324000000000005
validation-n100000-h4-repeated-key-o8192,validation,hybrid,16384,19.6579,27.8623,0.7055375902204771,-8.2044
validation-n100000-h64-spread-o1024,validation,log,0,3.6648,3.6648,1.0,0.0
validation-n100000-h64-spread-o1024,validation,merkle,0,17.3179,3.6648,4.725469329840647,13.653100000000002
validation-n100000-h64-spread-o1024,validation,hybrid,1024,3.7253,3.6648,1.0165084042785417,0.060499999999999776
validation-n100000-h64-spread-o1024,validation,hybrid,2048,3.2495,3.6648,0.8866786727788691,-0.4153000000000002
validation-n100000-h64-spread-o1024,validation,hybrid,4096,3.6282,3.6648,0.9900130975769482,-0.036599999999999966
validation-n100000-h64-spread-o1024,validation,hybrid,8192,3.6508,3.6648,0.9961798733900894,-0.014000000000000234
validation-n100000-h64-spread-o1024,validation,hybrid,16384,3.4634,3.6648,0.9450447500545732,-0.20140000000000002
validation-n100000-h64-spread-o16384,validation,log,0,63.8998,63.8998,1.0,0.0
validation-n100000-h64-spread-o16384,validation,merkle,0,107.4613,63.8998,1.6817157487190884,43.561499999999995
validation-n100000-h64-spread-o16384,validation,hybrid,1024,114.7185,63.8998,1.795287309193456,50.81870000000001
validation-n100000-h64-spread-o16384,validation,hybrid,2048,117.968,63.8998,1.8461403635066151,54.068200000000004
validation-n100000-h64-spread-o16384,validation,hybrid,4096,108.5346,63.8998,1.6985123584111375,44.6348
validation-n100000-h64-spread-o16384,validation,hybrid,8192,110.0616,63.8998,1.7224091468204907,46.1618
validation-n100000-h64-spread-o16384,validation,hybrid,16384,66.441,63.8998,1.0397685125775042,2.5412000000000035
validation-n100000-h64-spread-o2048,validation,log,0,8.9099,8.9099,1.0,0.0
validation-n100000-h64-spread-o2048,validation,merkle,0,33.2877,8.9099,3.7360351968035554,24.3778
validation-n100000-h64-spread-o2048,validation,hybrid,1024,34.4457,8.9099,3.866002985443159,25.535800000000002
validation-n100000-h64-spread-o2048,validation,hybrid,2048,7.8626,8.9099,0.8824565932277578,-1.0473000000000008
validation-n100000-h64-spread-o2048,validation,hybrid,4096,8.6415,8.9099,0.9698762051201473,-0.26839999999999975
validation-n100000-h64-spread-o2048,validation,hybrid,8192,8.0009,8.9099,0.897978652959068,-0.9090000000000007
validation-n100000-h64-spread-o2048,validation,hybrid,16384,8.4673,8.9099,0.9503249194715989,-0.44260000000000055
validation-n100000-h64-spread-o32768,validation,log,0,123.3125,123.3125,1.0,0.0
validation-n100000-h64-spread-o32768,validation,merkle,0,171.4944,123.3125,1.390730055752661,48.18190000000001
validation-n100000-h64-spread-o32768,validation,hybrid,1024,177.3639,123.3125,1.4383286365940193,54.0514
validation-n100000-h64-spread-o32768,validation,hybrid,2048,174.7857,123.3125,1.417420780537253,51.47319999999999
validation-n100000-h64-spread-o32768,validation,hybrid,4096,171.3309,123.3125,1.3894041561074506,48.018400000000014
validation-n100000-h64-spread-o32768,validation,hybrid,8192,180.5241,123.3125,1.4639562088190574,57.211600000000004
validation-n100000-h64-spread-o32768,validation,hybrid,16384,166.0078,123.3125,1.34623659401926,42.6953
validation-n100000-h64-spread-o4096,validation,log,0,15.2351,15.2351,1.0,0.0
validation-n100000-h64-spread-o4096,validation,merkle,0,44.8869,15.2351,2.9462819410440364,29.651799999999998
validation-n100000-h64-spread-o4096,validation,hybrid,1024,45.5105,15.2351,2.98721373670012,30.2754
validation-n100000-h64-spread-o4096,validation,hybrid,2048,44.5405,15.2351,2.9235449718085214,29.305400000000002
validation-n100000-h64-spread-o4096,validation,hybrid,4096,15.4669,15.2351,1.0152148656720337,0.23180000000000156
validation-n100000-h64-spread-o4096,validation,hybrid,8192,15.2554,15.2351,1.0013324494095872,0.02030000000000065
validation-n100000-h64-spread-o4096,validation,hybrid,16384,16.0874,15.2351,1.0559431838320719,0.8522999999999996
validation-n100000-h64-spread-o512,validation,log,0,1.6236,1.6236,1.0,0.0
validation-n100000-h64-spread-o512,validation,merkle,0,8.4496,1.6236,5.204237496920424,6.8260000000000005
validation-n100000-h64-spread-o512,validation,hybrid,1024,1.6622,1.6236,1.0237743286523775,0.03859999999999997
validation-n100000-h64-spread-o512,validation,hybrid,2048,1.6261,1.6236,1.001539788125154,0.0025000000000001688
validation-n100000-h64-spread-o512,validation,hybrid,4096,1.6267,1.6236,1.001909337275191,0.0031000000000001027
validation-n100000-h64-spread-o512,validation,hybrid,8192,1.762,1.6236,1.0852426706085243,0.13840000000000008
validation-n100000-h64-spread-o512,validation,hybrid,16384,1.6046,1.6236,0.9882976102488298,-0.018999999999999906
validation-n100000-h64-spread-o8192,validation,log,0,33.3106,33.3106,1.0,0.0
validation-n100000-h64-spread-o8192,validation,merkle,0,70.2581,33.3106,2.109181461756918,36.9475
validation-n100000-h64-spread-o8192,validation,hybrid,1024,70.9409,33.3106,2.1296794413790203,37.6303
validation-n100000-h64-spread-o8192,validation,hybrid,2048,73.2371,33.3106,2.1986124536934186,39.9265
validation-n100000-h64-spread-o8192,validation,hybrid,4096,70.6689,33.3106,2.1215138724610183,37.35829999999999
validation-n100000-h64-spread-o8192,validation,hybrid,8192,31.6885,33.3106,0.9513037891842236,-1.6220999999999997
validation-n100000-h64-spread-o8192,validation,hybrid,16384,33.0101,33.3106,0.9909788475740455,-0.30049999999999955
