case,rows,commits,locality,seed,operations,cache_condition,strategy,threshold,n_queries,median_ms,p25_ms,p75_ms,decision_probe_median_ms,open_verify_median_ms,nodes_compared,matching_subtrees_skipped,leaf_entries_examined,log_operations_examined,distinct_keys_touched,final_diff_entries,operations_per_distinct_key,output_bytes
n10000-h256-repeated-key-o65536-s20261021,10000,256,repeated-key,20261021,65536,warmed-built,hybrid,4096,5,13.8839,12.2413,14.2986,0.181,,3816,2405,5510,0,1021,1021,64.18805093046034,168385
n10000-h256-repeated-key-o65536-s20261021,10000,256,repeated-key,20261021,65536,warmed-built,hybrid,65536,5,15.1704,14.3931,17.4588,0.1976,,0,0,0,65536,1021,1021,64.18805093046034,168385
n10000-h256-repeated-key-o65536-s20261021,10000,256,repeated-key,20261021,65536,warmed-built,hybrid,32768,5,14.61,12.816,16.0236,0.1642,,3816,2405,5510,0,1021,1021,64.18805093046034,168385
n10000-h256-repeated-key-o65536-s20261021,10000,256,repeated-key,20261021,65536,warmed-built,hybrid,131072,5,14.3667,13.6026,14.9792,0.1678,,0,0,0,65536,1021,1021,64.18805093046034,168385
n10000-h256-repeated-key-o65536-s20261021,10000,256,repeated-key,20261021,65536,warmed-built,hybrid,16384,5,12.7886,12.6393,15.4314,0.1592,,3816,2405,5510,0,1021,1021,64.18805093046034,168385
n10000-h256-repeated-key-o65536-s20261021,10000,256,repeated-key,20261021,65536,warmed-built,merkle,0,5,12.8185,12.2101,13.7188,0.1644,,3816,2405,5510,0,1021,1021,64.18805093046034,168385
n10000-h256-repeated-key-o65536-s20261021,10000,256,repeated-key,20261021,65536,warmed-built,log,0,5,14.9637,14.4976,15.081,0.1826,,0,0,0,65536,1021,1021,64.18805093046034,168385
n10000-h256-repeated-key-o65536-s20261021,10000,256,repeated-key,20261021,65536,fresh-process-reopened,hybrid,4096,3,14.7028,14.68585,14.7666,0.1554,3187.540900078602,3816,2405,5510,0,1021,1021,64.18805093046034,168385
n10000-h256-repeated-key-o65536-s20261021,10000,256,repeated-key,20261021,65536,fresh-process-reopened,hybrid,32768,3,15.4951,15.18705,15.72335,0.155,3714.032599935308,3816,2405,5510,0,1021,1021,64.18805093046034,168385
n10000-h256-repeated-key-o65536-s20261021,10000,256,repeated-key,20261021,65536,fresh-process-reopened,merkle,0,3,14.5766,12.307649999999999,14.58895,0.1656,3311.50430010166,3816,2405,5510,0,1021,1021,64.18805093046034,168385
n10000-h256-repeated-key-o65536-s20261021,10000,256,repeated-key,20261021,65536,fresh-process-reopened,log,0,3,17.4661,17.462,18.28295,0.1316,3259.4091999344528,0,0,0,65536,1021,1021,64.18805093046034,168385
n10000-h256-repeated-key-o65536-s20261021,10000,256,repeated-key,20261021,65536,fresh-process-reopened,hybrid,131072,3,17.8148,16.8914,19.2339,0.1338,3849.1738999728113,0,0,0,65536,1021,1021,64.18805093046034,168385
n10000-h256-repeated-key-o65536-s20261021,10000,256,repeated-key,20261021,65536,fresh-process-reopened,hybrid,16384,3,14.4944,13.84555,14.61425,0.1651,3121.882400009781,3816,2405,5510,0,1021,1021,64.18805093046034,168385
n10000-h256-repeated-key-o65536-s20261021,10000,256,repeated-key,20261021,65536,fresh-process-reopened,hybrid,65536,3,17.2207,17.1004,19.07695,0.1355,3154.745100066066,0,0,0,65536,1021,1021,64.18805093046034,168385
n10000-h256-repeated-key-o65536-s20261022,10000,256,repeated-key,20261022,65536,warmed-built,hybrid,4096,5,16.3068,15.9419,16.4891,0.1876,,3816,2405,5514,0,1021,1021,64.18805093046034,168385
n10000-h256-repeated-key-o65536-s20261022,10000,256,repeated-key,20261022,65536,warmed-built,hybrid,65536,5,18.9605,15.9826,20.4445,0.2081,,0,0,0,65536,1021,1021,64.18805093046034,168385
n10000-h256-repeated-key-o65536-s20261022,10000,256,repeated-key,20261022,65536,warmed-built,log,0,5,16.0906,16.0451,16.7398,0.1663,,0,0,0,65536,1021,1021,64.18805093046034,168385
n10000-h256-repeated-key-o65536-s20261022,10000,256,repeated-key,20261022,65536,warmed-built,merkle,0,5,13.4438,12.9922,14.709,0.1782,,3816,2405,5514,0,1021,1021,64.18805093046034,168385
n10000-h256-repeated-key-o65536-s20261022,10000,256,repeated-key,20261022,65536,warmed-built,hybrid,16384,5,14.2598,13.8607,16.66,0.1758,,3816,2405,5514,0,1021,1021,64.18805093046034,168385
n10000-h256-repeated-key-o65536-s20261022,10000,256,repeated-key,20261022,65536,warmed-built,hybrid,32768,5,14.643,11.9938,14.9505,0.1609,,3816,2405,5514,0,1021,1021,64.18805093046034,168385
n10000-h256-repeated-key-o65536-s20261022,10000,256,repeated-key,20261022,65536,warmed-built,hybrid,131072,5,16.8865,16.6378,17.4495,0.18,,0,0,0,65536,1021,1021,64.18805093046034,168385
n10000-h256-repeated-key-o65536-s20261022,10000,256,repeated-key,20261022,65536,fresh-process-reopened,hybrid,65536,3,18.262,17.8024,18.3709,0.1118,3306.467500049621,0,0,0,65536,1021,1021,64.18805093046034,168385
n10000-h256-repeated-key-o65536-s20261022,10000,256,repeated-key,20261022,65536,fresh-process-reopened,merkle,0,3,14.8216,14.719999999999999,14.906500000000001,0.1632,3314.803099958226,3816,2405,5514,0,1021,1021,64.18805093046034,168385
n10000-h256-repeated-key-o65536-s20261022,10000,256,repeated-key,20261022,65536,fresh-process-reopened,hybrid,4096,3,15.8735,15.403649999999999,16.7203,0.165,3211.55489992816,3816,2405,5514,0,1021,1021,64.18805093046034,168385
n10000-h256-repeated-key-o65536-s20261022,10000,256,repeated-key,20261022,65536,fresh-process-reopened,hybrid,16384,3,14.4935,12.1139,14.73815,0.1274,3316.6522999526933,3816,2405,5514,0,1021,1021,64.18805093046034,168385
n10000-h256-repeated-key-o65536-s20261022,10000,256,repeated-key,20261022,65536,fresh-process-reopened,hybrid,131072,3,11.1501,10.6258,14.90155,0.1481,3182.407999993302,0,0,0,65536,1021,1021,64.18805093046034,168385
n10000-h256-repeated-key-o65536-s20261022,10000,256,repeated-key,20261022,65536,fresh-process-reopened,log,0,3,18.1706,17.887,18.4193,0.1726,3171.9733000500128,0,0,0,65536,1021,1021,64.18805093046034,168385
n10000-h256-repeated-key-o65536-s20261022,10000,256,repeated-key,20261022,65536,fresh-process-reopened,hybrid,32768,3,12.7992,11.4001,15.0045,0.1244,3184.7684999229386,3816,2405,5514,0,1021,1021,64.18805093046034,168385
n10000-h256-repeated-key-o65536-s20261023,10000,256,repeated-key,20261023,65536,warmed-built,log,0,5,14.2254,13.8453,14.3955,0.1419,,0,0,0,65536,1022,1022,64.1252446183953,168581
n10000-h256-repeated-key-o65536-s20261023,10000,256,repeated-key,20261023,65536,warmed-built,hybrid,32768,5,13.1716,12.1798,13.6348,0.1397,,3816,2404,5520,0,1022,1022,64.1252446183953,168581
n10000-h256-repeated-key-o65536-s20261023,10000,256,repeated-key,20261023,65536,warmed-built,hybrid,131072,5,14.9019,14.1012,15.5857,0.1419,,0,0,0,65536,1022,1022,64.1252446183953,168581
n10000-h256-repeated-key-o65536-s20261023,10000,256,repeated-key,20261023,65536,warmed-built,hybrid,16384,5,12.4499,12.2869,13.7665,0.1376,,3816,2404,5520,0,1022,1022,64.1252446183953,168581
n10000-h256-repeated-key-o65536-s20261023,10000,256,repeated-key,20261023,65536,warmed-built,merkle,0,5,12.1133,11.7101,12.3601,0.1483,,3816,2404,5520,0,1022,1022,64.1252446183953,168581
n10000-h256-repeated-key-o65536-s20261023,10000,256,repeated-key,20261023,65536,warmed-built,hybrid,65536,5,14.3795,13.888,14.9692,0.1452,,0,0,0,65536,1022,1022,64.1252446183953,168581
n10000-h256-repeated-key-o65536-s20261023,10000,256,repeated-key,20261023,65536,warmed-built,hybrid,4096,5,11.9346,11.856,12.1524,0.1406,,3816,2404,5520,0,1022,1022,64.1252446183953,168581
n10000-h256-repeated-key-o65536-s20261023,10000,256,repeated-key,20261023,65536,fresh-process-reopened,hybrid,32768,3,15.6195,15.45655,15.6851,0.1732,3229.8943999921903,3816,2404,5520,0,1022,1022,64.1252446183953,168581
n10000-h256-repeated-key-o65536-s20261023,10000,256,repeated-key,20261023,65536,fresh-process-reopened,hybrid,65536,3,17.3099,13.940999999999999,17.78835,0.1225,3141.0367999924347,0,0,0,65536,1022,1022,64.1252446183953,168581
n10000-h256-repeated-key-o65536-s20261023,10000,256,repeated-key,20261023,65536,fresh-process-reopened,log,0,3,19.3001,17.9042,20.185650000000003,0.1442,3253.016500035301,0,0,0,65536,1022,1022,64.1252446183953,168581
n10000-h256-repeated-key-o65536-s20261023,10000,256,repeated-key,20261023,65536,fresh-process-reopened,merkle,0,3,13.6888,12.84865,14.1432,0.184,3094.333399902098,3816,2404,5520,0,1022,1022,64.1252446183953,168581
n10000-h256-repeated-key-o65536-s20261023,10000,256,repeated-key,20261023,65536,fresh-process-reopened,hybrid,4096,3,10.5743,10.410049999999998,12.6015,0.1415,3090.352899977006,3816,2404,5520,0,1022,1022,64.1252446183953,168581
n10000-h256-repeated-key-o65536-s20261023,10000,256,repeated-key,20261023,65536,fresh-process-reopened,hybrid,131072,3,17.7901,13.93655,17.89795,0.1261,3140.5529000330716,0,0,0,65536,1022,1022,64.1252446183953,168581
n10000-h256-repeated-key-o65536-s20261023,10000,256,repeated-key,20261023,65536,fresh-process-reopened,hybrid,16384,3,15.0371,12.5655,15.12115,0.1549,3152.3420000448823,3816,2404,5520,0,1022,1022,64.1252446183953,168581
n10000-h256-repeated-key-o32768-s20261021,10000,256,repeated-key,20261021,32768,warmed-built,log,0,5,8.0848,7.9505,8.2891,0.0984,,0,0,0,32768,767,767,42.72229465449804,118601
n10000-h256-repeated-key-o32768-s20261021,10000,256,repeated-key,20261021,32768,warmed-built,hybrid,32768,5,8.0882,8.0253,8.2419,0.102,,0,0,0,32768,767,767,42.72229465449804,118601
n10000-h256-repeated-key-o32768-s20261021,10000,256,repeated-key,20261021,32768,warmed-built,hybrid,65536,5,8.3948,8.2446,8.4832,0.1284,,0,0,0,32768,767,767,42.72229465449804,118601
n10000-h256-repeated-key-o32768-s20261021,10000,256,repeated-key,20261021,32768,warmed-built,hybrid,16384,5,9.8417,9.4001,9.9188,0.1352,,3533,2357,4292,0,767,767,42.72229465449804,118601
n10000-h256-repeated-key-o32768-s20261021,10000,256,repeated-key,20261021,32768,warmed-built,merkle,0,5,9.8987,9.4929,10.1188,0.1292,,3533,2357,4292,0,767,767,42.72229465449804,118601
n10000-h256-repeated-key-o32768-s20261021,10000,256,repeated-key,20261021,32768,warmed-built,hybrid,4096,5,9.8563,9.815,10.5623,0.1259,,3533,2357,4292,0,767,767,42.72229465449804,118601
n10000-h256-repeated-key-o32768-s20261021,10000,256,repeated-key,20261021,32768,warmed-built,hybrid,131072,5,8.0405,7.9239,8.2922,0.0866,,0,0,0,32768,767,767,42.72229465449804,118601
n10000-h256-repeated-key-o32768-s20261022,10000,256,repeated-key,20261022,32768,warmed-built,hybrid,65536,5,9.0099,8.786,9.5602,0.1717,,0,0,0,32768,767,767,42.72229465449804,118601
n10000-h256-repeated-key-o32768-s20261022,10000,256,repeated-key,20261022,32768,warmed-built,merkle,0,5,11.6651,11.0607,12.5248,0.2035,,3533,2357,4292,0,767,767,42.72229465449804,118601
n10000-h256-repeated-key-o32768-s20261022,10000,256,repeated-key,20261022,32768,warmed-built,log,0,5,9.4078,8.8964,11.1026,0.1768,,0,0,0,32768,767,767,42.72229465449804,118601
n10000-h256-repeated-key-o32768-s20261022,10000,256,repeated-key,20261022,32768,warmed-built,hybrid,131072,5,8.4384,8.1007,8.5492,0.1339,,0,0,0,32768,767,767,42.72229465449804,118601
n10000-h256-repeated-key-o32768-s20261022,10000,256,repeated-key,20261022,32768,warmed-built,hybrid,4096,5,10.3468,10.3099,10.4147,0.1394,,3533,2357,4292,0,767,767,42.72229465449804,118601
n10000-h256-repeated-key-o32768-s20261022,10000,256,repeated-key,20261022,32768,warmed-built,hybrid,16384,5,12.0305,11.783,12.1107,0.1793,,3533,2357,4292,0,767,767,42.72229465449804,118601
n10000-h256-repeated-key-o32768-s20261022,10000,256,repeated-key,20261022,32768,warmed-built,hybrid,32768,5,8.2552,8.1313,8.3533,0.1434,,0,0,0,32768,767,767,42.72229465449804,118601
n10000-h256-repeated-key-o32768-s20261023,10000,256,repeated-key,20261023,32768,warmed-built,hybrid,131072,5,9.6894,8.8784,12.4595,0.1596,,0,0,0,32768,766,766,42.778067885117494,118405
n10000-h256-repeated-key-o32768-s20261023,10000,256,repeated-key,20261023,32768,warmed-built,log,0,5,10.1086,9.7298,11.3131,0.2029,,0,0,0,32768,766,766,42.778067885117494,118405
n10000-h256-repeated-key-o32768-s20261023,10000,256,repeated-key,20261023,32768,warmed-built,hybrid,4096,5,13.9224,11.4142,14.9366,0.1565,,3533,2358,4284,0,766,766,42.778067885117494,118405
n10000-h256-repeated-key-o32768-s20261023,10000,256,repeated-key,20261023,32768,warmed-built,merkle,0,5,13.7038,13.657,14.8752,0.2142,,3533,2358,4284,0,766,766,42.778067885117494,118405
n10000-h256-repeated-key-o32768-s20261023,10000,256,repeated-key,20261023,32768,warmed-built,hybrid,32768,5,10.0512,9.365,10.7053,0.1638,,0,0,0,32768,766,766,42.778067885117494,118405
n10000-h256-repeated-key-o32768-s20261023,10000,256,repeated-key,20261023,32768,warmed-built,hybrid,65536,5,9.8705,9.4111,10.4095,0.1651,,0,0,0,32768,766,766,42.778067885117494,118405
n10000-h256-repeated-key-o32768-s20261023,10000,256,repeated-key,20261023,32768,warmed-built,hybrid,16384,5,11.9707,11.3402,12.991,0.2311,,3533,2358,4284,0,766,766,42.778067885117494,118405
n10000-h256-repeated-key-o131072-s20261021,10000,256,repeated-key,20261021,131072,warmed-built,hybrid,131072,5,26.4264,25.3557,26.8108,0.1827,,0,0,0,131072,1535,1535,85.38892508143323,269129
n10000-h256-repeated-key-o131072-s20261021,10000,256,repeated-key,20261021,131072,warmed-built,log,0,5,27.31,26.4573,27.5546,0.1698,,0,0,0,131072,1535,1535,85.38892508143323,269129
n10000-h256-repeated-key-o131072-s20261021,10000,256,repeated-key,20261021,131072,warmed-built,hybrid,65536,5,16.9131,16.7693,17.6679,0.1612,,4119,2295,7912,0,1535,1535,85.38892508143323,269129
n10000-h256-repeated-key-o131072-s20261021,10000,256,repeated-key,20261021,131072,warmed-built,hybrid,32768,5,16.6799,16.5548,17.0863,0.156,,4119,2295,7912,0,1535,1535,85.38892508143323,269129
n10000-h256-repeated-key-o131072-s20261021,10000,256,repeated-key,20261021,131072,warmed-built,hybrid,16384,5,17.4685,17.0145,19.5397,0.1592,,4119,2295,7912,0,1535,1535,85.38892508143323,269129
n10000-h256-repeated-key-o131072-s20261021,10000,256,repeated-key,20261021,131072,warmed-built,hybrid,4096,5,18.6691,17.3186,19.7623,0.167,,4119,2295,7912,0,1535,1535,85.38892508143323,269129
n10000-h256-repeated-key-o131072-s20261021,10000,256,repeated-key,20261021,131072,warmed-built,merkle,0,5,18.1255,16.9552,19.0325,0.1853,,4119,2295,7912,0,1535,1535,85.38892508143323,269129
n10000-h256-repeated-key-o131072-s20261022,10000,256,repeated-key,20261022,131072,warmed-built,hybrid,65536,5,18.0958,17.4907,18.2555,0.1765,,4119,2296,7906,0,1534,1534,85.44458930899609,268933
n10000-h256-repeated-key-o131072-s20261022,10000,256,repeated-key,20261022,131072,warmed-built,hybrid,16384,5,17.8459,17.5416,18.0834,0.1535,,4119,2296,7906,0,1534,1534,85.44458930899609,268933
n10000-h256-repeated-key-o131072-s20261022,10000,256,repeated-key,20261022,131072,warmed-built,hybrid,32768,5,17.8329,16.5557,18.0713,0.1563,,4119,2296,7906,0,1534,1534,85.44458930899609,268933
n10000-h256-repeated-key-o131072-s20261022,10000,256,repeated-key,20261022,131072,warmed-built,hybrid,131072,5,27.3952,27.0478,28.1676,0.1648,,0,0,0,131072,1534,1534,85.44458930899609,268933
n10000-h256-repeated-key-o131072-s20261022,10000,256,repeated-key,20261022,131072,warmed-built,merkle,0,5,18.2051,17.342,18.2597,0.1575,,4119,2296,7906,0,1534,1534,85.44458930899609,268933
n10000-h256-repeated-key-o131072-s20261022,10000,256,repeated-key,20261022,131072,warmed-built,hybrid,4096,5,16.9455,16.8088,17.18,0.1745,,4119,2296,7906,0,1534,1534,85.44458930899609,268933
n10000-h256-repeated-key-o131072-s20261022,10000,256,repeated-key,20261022,131072,warmed-built,log,0,5,26.4936,26.2345,29.5894,0.167,,0,0,0,131072,1534,1534,85.44458930899609,268933
n10000-h256-repeated-key-o131072-s20261023,10000,256,repeated-key,20261023,131072,warmed-built,hybrid,65536,5,18.3222,17.2924,18.6303,0.1694,,4119,2296,7906,0,1534,1534,85.44458930899609,268933
n10000-h256-repeated-key-o131072-s20261023,10000,256,repeated-key,20261023,131072,warmed-built,merkle,0,5,18.0146,17.559,18.812,0.1693,,4119,2296,7906,0,1534,1534,85.44458930899609,268933
n10000-h256-repeated-key-o131072-s20261023,10000,256,repeated-key,20261023,131072,warmed-built,hybrid,131072,5,26.9178,24.3211,29.3689,0.1717,,0,0,0,131072,1534,1534,85.44458930899609,268933
n10000-h256-repeated-key-o131072-s20261023,10000,256,repeated-key,20261023,131072,warmed-built,hybrid,4096,5,19.6961,18.2619,20.0219,0.1766,,4119,2296,7906,0,1534,1534,85.44458930899609,268933
n10000-h256-repeated-key-o131072-s20261023,10000,256,repeated-key,20261023,131072,warmed-built,hybrid,32768,5,17.4718,17.1918,17.8321,0.154,,4119,2296,7906,0,1534,1534,85.44458930899609,268933
n10000-h256-repeated-key-o131072-s20261023,10000,256,repeated-key,20261023,131072,warmed-built,hybrid,16384,5,19.7946,17.2739,20.7731,0.1498,,4119,2296,7906,0,1534,1534,85.44458930899609,268933
n10000-h256-repeated-key-o131072-s20261023,10000,256,repeated-key,20261023,131072,warmed-built,log,0,5,26.5815,25.8826,27.6551,0.1608,,0,0,0,131072,1534,1534,85.44458930899609,268933
n100000-h64-spread-o65536-s20261021,100000,64,spread,20261021,65536,warmed-built,merkle,0,5,405.8883,371.1813,416.51,0.0742,,4681,0,200000,0,48246,48246,1.3583716784811175,9448293
n100000-h64-spread-o65536-s20261021,100000,64,spread,20261021,65536,warmed-built,hybrid,32768,5,406.5031,396.4924,515.7551,0.0747,,4681,0,200000,0,48246,48246,1.3583716784811175,9448293
n100000-h64-spread-o65536-s20261021,100000,64,spread,20261021,65536,warmed-built,log,0,5,315.2659,311.0163,315.3743,0.064,,0,0,0,65536,48246,48246,1.3583716784811175,9448293
n100000-h64-spread-o65536-s20261021,100000,64,spread,20261021,65536,warmed-built,hybrid,65536,5,331.0108,327.1491,352.7224,0.0624,,0,0,0,65536,48246,48246,1.3583716784811175,9448293
n100000-h64-spread-o65536-s20261021,100000,64,spread,20261021,65536,warmed-built,hybrid,131072,5,308.0209,295.3864,321.8187,0.0641,,0,0,0,65536,48246,48246,1.3583716784811175,9448293
n100000-h64-spread-o65536-s20261021,100000,64,spread,20261021,65536,warmed-built,hybrid,4096,5,346.0463,337.4235,361.0633,0.049,,4681,0,200000,0,48246,48246,1.3583716784811175,9448293
n100000-h64-spread-o65536-s20261021,100000,64,spread,20261021,65536,warmed-built,hybrid,16384,5,395.8963,384.4994,399.924,0.0468,,4681,0,200000,0,48246,48246,1.3583716784811175,9448293
n100000-h64-spread-o65536-s20261021,100000,64,spread,20261021,65536,fresh-process-reopened,hybrid,4096,3,436.2446,398.94165,436.65975000000003,0.0641,6230.887699988671,4681,0,200000,0,48246,48246,1.3583716784811175,9448293
n100000-h64-spread-o65536-s20261021,100000,64,spread,20261021,65536,fresh-process-reopened,hybrid,32768,3,453.0472,447.59745,459.81044999999995,0.0713,6247.94989998918,4681,0,200000,0,48246,48246,1.3583716784811175,9448293
n100000-h64-spread-o65536-s20261021,100000,64,spread,20261021,65536,fresh-process-reopened,hybrid,65536,3,346.913,344.3823,349.3587,0.0697,6423.1104999780655,0,0,0,65536,48246,48246,1.3583716784811175,9448293
n100000-h64-spread-o65536-s20261021,100000,64,spread,20261021,65536,fresh-process-reopened,log,0,3,340.5693,332.47255,346.403,0.0494,6437.029300024733,0,0,0,65536,48246,48246,1.3583716784811175,9448293
n100000-h64-spread-o65536-s20261021,100000,64,spread,20261021,65536,fresh-process-reopened,hybrid,131072,3,329.7319,320.1741,331.20785,0.0473,6440.036499989219,0,0,0,65536,48246,48246,1.3583716784811175,9448293
n100000-h64-spread-o65536-s20261021,100000,64,spread,20261021,65536,fresh-process-reopened,hybrid,16384,3,449.9508,445.33185000000003,458.1576,0.0674,6221.914499998093,4681,0,200000,0,48246,48246,1.3583716784811175,9448293
n100000-h64-spread-o65536-s20261021,100000,64,spread,20261021,65536,fresh-process-reopened,merkle,0,3,465.5629,443.37350000000004,466.8203,0.0758,6153.044500038959,4681,0,200000,0,48246,48246,1.3583716784811175,9448293
n100000-h64-spread-o65536-s20261022,100000,64,spread,20261022,65536,warmed-built,merkle,0,5,410.4449,407.3226,410.7016,0.0629,,4681,0,200000,0,48293,48293,1.3570496759364712,9457505
n100000-h64-spread-o65536-s20261022,100000,64,spread,20261022,65536,warmed-built,hybrid,131072,5,349.7901,338.7163,350.5428,0.0625,,0,0,0,65536,48293,48293,1.3570496759364712,9457505
n100000-h64-spread-o65536-s20261022,100000,64,spread,20261022,65536,warmed-built,hybrid,65536,5,352.3601,336.8416,505.6541,0.0677,,0,0,0,65536,48293,48293,1.3570496759364712,9457505
n100000-h64-spread-o65536-s20261022,100000,64,spread,20261022,65536,warmed-built,hybrid,16384,5,402.5156,376.8904,405.6873,0.0631,,4681,0,200000,0,48293,48293,1.3570496759364712,9457505
n100000-h64-spread-o65536-s20261022,100000,64,spread,20261022,65536,warmed-built,log,0,5,305.1704,294.5345,344.6786,0.0652,,0,0,0,65536,48293,48293,1.3570496759364712,9457505
n100000-h64-spread-o65536-s20261022,100000,64,spread,20261022,65536,warmed-built,hybrid,32768,5,385.7069,371.0417,389.7247,0.0655,,4681,0,200000,0,48293,48293,1.3570496759364712,9457505
n100000-h64-spread-o65536-s20261022,100000,64,spread,20261022,65536,warmed-built,hybrid,4096,5,393.029,375.2405,404.4581,0.0636,,4681,0,200000,0,48293,48293,1.3570496759364712,9457505
n100000-h64-spread-o65536-s20261022,100000,64,spread,20261022,65536,fresh-process-reopened,hybrid,4096,3,570.7243,509.22884999999997,575.80355,0.0678,8548.54610003531,4681,0,200000,0,48293,48293,1.3570496759364712,9457505
n100000-h64-spread-o65536-s20261022,100000,64,spread,20261022,65536,fresh-process-reopened,hybrid,32768,3,501.3523,465.51824999999997,519.3059000000001,0.0755,8451.36820001062,4681,0,200000,0,48293,48293,1.3570496759364712,9457505
n100000-h64-spread-o65536-s20261022,100000,64,spread,20261022,65536,fresh-process-reopened,hybrid,131072,3,407.8985,396.0304,437.2496,0.0856,8667.442200006917,0,0,0,65536,48293,48293,1.3570496759364712,9457505
n100000-h64-spread-o65536-s20261022,100000,64,spread,20261022,65536,fresh-process-reopened,hybrid,16384,3,551.2474,539.23045,559.87775,0.1012,8671.422600047663,4681,0,200000,0,48293,48293,1.3570496759364712,9457505
n100000-h64-spread-o65536-s20261022,100000,64,spread,20261022,65536,fresh-process-reopened,merkle,0,3,571.2995,529.5056999999999,573.488,0.0788,8725.111900013871,4681,0,200000,0,48293,48293,1.3570496759364712,9457505
n100000-h64-spread-o65536-s20261022,100000,64,spread,20261022,65536,fresh-process-reopened,log,0,3,419.1889,410.38239999999996,423.08815,0.1084,8982.413099962287,0,0,0,65536,48293,48293,1.3570496759364712,9457505
n100000-h64-spread-o65536-s20261022,100000,64,spread,20261022,65536,fresh-process-reopened,hybrid,65536,3,426.5338,414.55155,431.52585,0.0883,8536.099499906413,0,0,0,65536,48293,48293,1.3570496759364712,9457505
n100000-h64-spread-o65536-s20261023,100000,64,spread,20261023,65536,warmed-built,merkle,0,5,473.8086,457.5499,483.2645,0.0725,,4681,0,200000,0,48162,48162,1.3607408330218844,9431829
n100000-h64-spread-o65536-s20261023,100000,64,spread,20261023,65536,warmed-built,log,0,5,402.7845,384.1248,403.4029,0.0705,,0,0,0,65536,48162,48162,1.3607408330218844,9431829
n100000-h64-spread-o65536-s20261023,100000,64,spread,20261023,65536,warmed-built,hybrid,131072,5,394.7966,377.8148,400.4446,0.0668,,0,0,0,65536,48162,48162,1.3607408330218844,9431829
n100000-h64-spread-o65536-s20261023,100000,64,spread,20261023,65536,warmed-built,hybrid,4096,5,456.2073,452.7706,466.5229,0.0654,,4681,0,200000,0,48162,48162,1.3607408330218844,9431829
n100000-h64-spread-o65536-s20261023,100000,64,spread,20261023,65536,warmed-built,hybrid,16384,5,454.7554,453.0337,480.5868,0.064,,4681,0,200000,0,48162,48162,1.3607408330218844,9431829
n100000-h64-spread-o65536-s20261023,100000,64,spread,20261023,65536,warmed-built,hybrid,32768,5,490.9244,488.824,494.7032,0.0629,,4681,0,200000,0,48162,48162,1.3607408330218844,9431829
n100000-h64-spread-o65536-s20261023,100000,64,spread,20261023,65536,warmed-built,hybrid,65536,5,397.2509,390.6382,405.8108,0.1043,,0,0,0,65536,48162,48162,1.3607408330218844,9431829
n100000-h64-spread-o65536-s20261023,100000,64,spread,20261023,65536,fresh-process-reopened,hybrid,131072,3,405.6315,389.837,439.521,0.087,8746.777500025928,0,0,0,65536,48162,48162,1.3607408330218844,9431829
n100000-h64-spread-o65536-s20261023,100000,64,spread,20261023,65536,fresh-process-reopened,hybrid,65536,3,402.7579,357.49775,404.48445000000004,0.0885,8659.06089998316,0,0,0,65536,48162,48162,1.3607408330218844,9431829
n100000-h64-spread-o65536-s20261023,100000,64,spread,20261023,65536,fresh-process-reopened,hybrid,32768,3,536.1121,525.55735,549.0443,0.0873,9752.228800090961,4681,0,200000,0,48162,48162,1.3607408330218844,9431829
n100000-h64-spread-o65536-s20261023,100000,64,spread,20261023,65536,fresh-process-reopened,log,0,3,398.8179,395.3403,403.50329999999997,0.0833,8747.897499939427,0,0,0,65536,48162,48162,1.3607408330218844,9431829
n100000-h64-spread-o65536-s20261023,100000,64,spread,20261023,65536,fresh-process-reopened,hybrid,4096,3,548.4835,546.0054,555.58215,0.1479,9234.066599979997,4681,0,200000,0,48162,48162,1.3607408330218844,9431829
n100000-h64-spread-o65536-s20261023,100000,64,spread,20261023,65536,fresh-process-reopened,hybrid,16384,3,535.1916,529.81195,567.43565,0.1202,9227.636800031178,4681,0,200000,0,48162,48162,1.3607408330218844,9431829
n100000-h64-spread-o65536-s20261023,100000,64,spread,20261023,65536,fresh-process-reopened,merkle,0,3,562.2076,524.60235,568.86375,0.0901,9781.863700016402,4681,0,200000,0,48162,48162,1.3607408330218844,9431829
