scenario,split,rows,commits,locality,seed,operations,changes_per_commit,strategy,threshold,selected,n,median_ms,p25_ms,p75_ms,decision_probe_median_ms,storage_bytes
diagnostic-n10000-h256-repeated-key-o8192,diagnostic,10000,256,repeated-key,20261009,8192,32,log,0,log,7,2.0566,2.0006,2.07105,0.0893,21483520
diagnostic-n10000-h256-repeated-key-o8192,diagnostic,10000,256,repeated-key,20261009,8192,32,merkle,0,merkle,7,4.644,4.31935,4.9639500000000005,0.077,21483520
diagnostic-n10000-h256-repeated-key-o8192,diagnostic,10000,256,repeated-key,20261009,8192,32,hybrid,1024,merkle,7,5.2846,4.79195,5.9414,0.0771,21483520
diagnostic-n10000-h256-repeated-key-o8192,diagnostic,10000,256,repeated-key,20261009,8192,32,hybrid,2048,merkle,7,4.9667,4.39945,5.409750000000001,0.0837,21483520
diagnostic-n10000-h256-repeated-key-o8192,diagnostic,10000,256,repeated-key,20261009,8192,32,hybrid,4096,merkle,7,4.7996,4.558199999999999,5.88425,0.0821,21483520
diagnostic-n10000-h256-repeated-key-o8192,diagnostic,10000,256,repeated-key,20261009,8192,32,hybrid,8192,log,7,2.0411,2.01445,2.0835,0.0584,21483520
diagnostic-n10000-h256-repeated-key-o8192,diagnostic,10000,256,repeated-key,20261009,8192,32,hybrid,16384,log,7,2.1232,2.0549,2.7899000000000003,0.0717,21483520
diagnostic-n10000-h256-repeated-key-o16384,diagnostic,10000,256,repeated-key,20261009,16384,64,log,0,log,7,3.1773,2.83035,3.246,0.1222,35004416
diagnostic-n10000-h256-repeated-key-o16384,diagnostic,10000,256,repeated-key,20261009,16384,64,merkle,0,merkle,7,5.7499,4.414149999999999,6.8391,0.1424,35004416
diagnostic-n10000-h256-repeated-key-o16384,diagnostic,10000,256,repeated-key,20261009,16384,64,hybrid,1024,merkle,7,5.1628,4.77815,5.90075,0.1162,35004416
diagnostic-n10000-h256-repeated-key-o16384,diagnostic,10000,256,repeated-key,20261009,16384,64,hybrid,2048,merkle,7,5.2719,4.682600000000001,5.726100000000001,0.1135,35004416
diagnostic-n10000-h256-repeated-key-o16384,diagnostic,10000,256,repeated-key,20261009,16384,64,hybrid,4096,merkle,7,5.3268,4.909800000000001,7.311249999999999,0.1171,35004416
diagnostic-n10000-h256-repeated-key-o16384,diagnostic,10000,256,repeated-key,20261009,16384,64,hybrid,8192,merkle,7,7.0481,4.05,8.74025,0.1317,35004416
diagnostic-n10000-h256-repeated-key-o16384,diagnostic,10000,256,repeated-key,20261009,16384,64,hybrid,16384,log,7,2.9772,2.8844000000000003,3.2321999999999997,0.0979,35004416
diagnostic-n10000-h256-repeated-key-o32768,diagnostic,10000,256,repeated-key,20261009,32768,128,log,0,log,7,8.4377,6.02815,9.72325,0.1495,57802752
diagnostic-n10000-h256-repeated-key-o32768,diagnostic,10000,256,repeated-key,20261009,32768,128,merkle,0,merkle,7,7.6124,7.4831,8.53195,0.1595,57802752
diagnostic-n10000-h256-repeated-key-o32768,diagnostic,10000,256,repeated-key,20261009,32768,128,hybrid,1024,merkle,7,10.2365,9.003350000000001,11.5644,0.1553,57802752
diagnostic-n10000-h256-repeated-key-o32768,diagnostic,10000,256,repeated-key,20261009,32768,128,hybrid,2048,merkle,7,8.3735,7.6405,8.77515,0.1804,57802752
diagnostic-n10000-h256-repeated-key-o32768,diagnostic,10000,256,repeated-key,20261009,32768,128,hybrid,4096,merkle,7,9.0648,8.06695,9.3674,0.184,57802752
diagnostic-n10000-h256-repeated-key-o32768,diagnostic,10000,256,repeated-key,20261009,32768,128,hybrid,8192,merkle,7,7.9243,7.5808,9.61965,0.1674,57802752
diagnostic-n10000-h256-repeated-key-o32768,diagnostic,10000,256,repeated-key,20261009,32768,128,hybrid,16384,merkle,7,8.6387,7.7158,9.8283,0.2214,57802752
diagnostic-n10000-h256-repeated-key-o65536,diagnostic,10000,256,repeated-key,20261009,65536,256,log,0,log,7,7.4767,7.465949999999999,7.77305,0.128,93200384
diagnostic-n10000-h256-repeated-key-o65536,diagnostic,10000,256,repeated-key,20261009,65536,256,merkle,0,merkle,7,8.1213,7.789,8.517800000000001,0.115,93200384
diagnostic-n10000-h256-repeated-key-o65536,diagnostic,10000,256,repeated-key,20261009,65536,256,hybrid,1024,merkle,7,8.6158,8.1311,10.294250000000002,0.136,93200384
diagnostic-n10000-h256-repeated-key-o65536,diagnostic,10000,256,repeated-key,20261009,65536,256,hybrid,2048,merkle,7,7.5958,7.45895,7.8713,0.1182,93200384
diagnostic-n10000-h256-repeated-key-o65536,diagnostic,10000,256,repeated-key,20261009,65536,256,hybrid,4096,merkle,7,8.3038,7.64285,9.0906,0.1165,93200384
diagnostic-n10000-h256-repeated-key-o65536,diagnostic,10000,256,repeated-key,20261009,65536,256,hybrid,8192,merkle,7,7.8332,7.34995,8.40985,0.1188,93200384
diagnostic-n10000-h256-repeated-key-o65536,diagnostic,10000,256,repeated-key,20261009,65536,256,hybrid,16384,merkle,7,8.2928,7.728949999999999,8.99075,0.1463,93200384
diagnostic-n10000-h256-repeated-key-o131072,diagnostic,10000,256,repeated-key,20261009,131072,512,log,0,log,7,15.0873,14.6755,16.1829,0.1546,148238336
diagnostic-n10000-h256-repeated-key-o131072,diagnostic,10000,256,repeated-key,20261009,131072,512,merkle,0,merkle,7,10.8055,10.3948,12.19345,0.1418,148238336
diagnostic-n10000-h256-repeated-key-o131072,diagnostic,10000,256,repeated-key,20261009,131072,512,hybrid,1024,merkle,7,11.7814,11.313649999999999,12.276299999999999,0.1455,148238336
diagnostic-n10000-h256-repeated-key-o131072,diagnostic,10000,256,repeated-key,20261009,131072,512,hybrid,2048,merkle,7,10.835,10.400950000000002,11.0393,0.1429,148238336
diagnostic-n10000-h256-repeated-key-o131072,diagnostic,10000,256,repeated-key,20261009,131072,512,hybrid,4096,merkle,7,11.1981,10.86515,12.9727,0.1519,148238336
diagnostic-n10000-h256-repeated-key-o131072,diagnostic,10000,256,repeated-key,20261009,131072,512,hybrid,8192,merkle,7,12.7851,11.138549999999999,13.1191,0.1481,148238336
diagnostic-n10000-h256-repeated-key-o131072,diagnostic,10000,256,repeated-key,20261009,131072,512,hybrid,16384,merkle,7,11.638,11.31445,13.879650000000002,0.1454,148238336
