scenario,split,rows,commits,locality,seed,operations,changes_per_commit,trial_kind,trial,execution_order,strategy,threshold,selected,diff_ms,decision_probe_ms,correctness,output_sha256,stats
calibration-n10000-h4-spread-o32768,calibration,10000,4,spread,20261003,32768,8192,warmup,1,1,hybrid,1024,merkle,49.8917,0.027,True,c228e397f43e9206defc602d4cfa9e3c94ad983858a434d6ae0fd6dc998a354c,"{'nodes_compared': 4310, 'matching_subtrees_skipped': 2, 'leaf_entries_examined': 19996, 'log_operations_examined': 0, 'strategy': 'merkle'}"
calibration-n10000-h4-spread-o32768,calibration,10000,4,spread,20261003,32768,8192,warmup,1,2,merkle,0,merkle,64.4513,0.0269,True,c228e397f43e9206defc602d4cfa9e3c94ad983858a434d6ae0fd6dc998a354c,"{'nodes_compared': 4310, 'matching_subtrees_skipped': 2, 'leaf_entries_examined': 19996, 'log_operations_examined': 0, 'strategy': 'merkle'}"
calibration-n10000-h4-spread-o32768,calibration,10000,4,spread,20261003,32768,8192,warmup,1,3,hybrid,2048,merkle,69.3746,0.0217,True,c228e397f43e9206defc602d4cfa9e3c94ad983858a434d6ae0fd6dc998a354c,"{'nodes_compared': 4310, 'matching_subtrees_skipped': 2, 'leaf_entries_examined': 19996, 'log_operations_examined': 0, 'strategy': 'merkle'}"
calibration-n10000-h4-spread-o32768,calibration,10000,4,spread,20261003,32768,8192,warmup,1,4,hybrid,16384,merkle,43.051,0.0212,True,c228e397f43e9206defc602d4cfa9e3c94ad983858a434d6ae0fd6dc998a354c,"{'nodes_compared': 4310, 'matching_subtrees_skipped': 2, 'leaf_entries_examined': 19996, 'log_operations_examined': 0, 'strategy': 'merkle'}"
calibration-n10000-h4-spread-o32768,calibration,10000,4,spread,20261003,32768,8192,warmup,1,5,hybrid,4096,merkle,43.4476,0.0193,True,c228e397f43e9206defc602d4cfa9e3c94ad983858a434d6ae0fd6dc998a354c,"{'nodes_compared': 4310, 'matching_subtrees_skipped': 2, 'leaf_entries_examined': 19996, 'log_operations_examined': 0, 'strategy': 'merkle'}"
calibration-n10000-h4-spread-o32768,calibration,10000,4,spread,20261003,32768,8192,warmup,1,6,log,0,log,37.5654,0.0216,True,c228e397f43e9206defc602d4cfa9e3c94ad983858a434d6ae0fd6dc998a354c,"{'nodes_compared': 0, 'matching_subtrees_skipped': 0, 'leaf_entries_examined': 0, 'log_operations_examined': 32768, 'strategy': 'log'}"
calibration-n10000-h4-spread-o32768,calibration,10000,4,spread,20261003,32768,8192,warmup,1,7,hybrid,8192,merkle,56.6643,0.0546,True,c228e397f43e9206defc602d4cfa9e3c94ad983858a434d6ae0fd6dc998a354c,"{'nodes_compared': 4310, 'matching_subtrees_skipped': 2, 'leaf_entries_examined': 19996, 'log_operations_examined': 0, 'strategy': 'merkle'}"
calibration-n10000-h4-spread-o32768,calibration,10000,4,spread,20261003,32768,8192,warmup,2,1,hybrid,8192,merkle,50.5681,0.0209,True,c228e397f43e9206defc602d4cfa9e3c94ad983858a434d6ae0fd6dc998a354c,"{'nodes_compared': 4310, 'matching_subtrees_skipped': 2, 'leaf_entries_examined': 19996, 'log_operations_examined': 0, 'strategy': 'merkle'}"
calibration-n10000-h4-spread-o32768,calibration,10000,4,spread,20261003,32768,8192,warmup,2,2,hybrid,16384,merkle,59.4967,0.0243,True,c228e397f43e9206defc602d4cfa9e3c94ad983858a434d6ae0fd6dc998a354c,"{'nodes_compared': 4310, 'matching_subtrees_skipped': 2, 'leaf_entries_examined': 19996, 'log_operations_examined': 0, 'strategy': 'merkle'}"
calibration-n10000-h4-spread-o32768,calibration,10000,4,spread,20261003,32768,8192,warmup,2,3,hybrid,2048,merkle,58.7073,0.0236,True,c228e397f43e9206defc602d4cfa9e3c94ad983858a434d6ae0fd6dc998a354c,"{'nodes_compared': 4310, 'matching_subtrees_skipped': 2, 'leaf_entries_examined': 19996, 'log_operations_examined': 0, 'strategy': 'merkle'}"
calibration-n10000-h4-spread-o32768,calibration,10000,4,spread,20261003,32768,8192,warmup,2,4,log,0,log,65.9717,0.0242,True,c228e397f43e9206defc602d4cfa9e3c94ad983858a434d6ae0fd6dc998a354c,"{'nodes_compared': 0, 'matching_subtrees_skipped': 0, 'leaf_entries_examined': 0, 'log_operations_examined': 32768, 'strategy': 'log'}"
calibration-n10000-h4-spread-o32768,calibration,10000,4,spread,20261003,32768,8192,warmup,2,5,merkle,0,merkle,44.5356,0.0212,True,c228e397f43e9206defc602d4cfa9e3c94ad983858a434d6ae0fd6dc998a354c,"{'nodes_compared': 4310, 'matching_subtrees_skipped': 2, 'leaf_entries_examined': 19996, 'log_operations_examined': 0, 'strategy': 'merkle'}"
calibration-n10000-h4-spread-o32768,calibration,10000,4,spread,20261003,32768,8192,warmup,2,6,hybrid,1024,merkle,47.1856,0.0216,True,c228e397f43e9206defc602d4cfa9e3c94ad983858a434d6ae0fd6dc998a354c,"{'nodes_compared': 4310, 'matching_subtrees_skipped': 2, 'leaf_entries_examined': 19996, 'log_operations_examined': 0, 'strategy': 'merkle'}"
calibration-n10000-h4-spread-o32768,calibration,10000,4,spread,20261003,32768,8192,warmup,2,7,hybrid,4096,merkle,45.6227,0.022,True,c228e397f43e9206defc602d4cfa9e3c94ad983858a434d6ae0fd6dc998a354c,"{'nodes_compared': 4310, 'matching_subtrees_skipped': 2, 'leaf_entries_examined': 19996, 'log_operations_examined': 0, 'strategy': 'merkle'}"
calibration-n10000-h4-spread-o32768,calibration,10000,4,spread,20261003,32768,8192,measured,1,1,hybrid,2048,merkle,44.9678,0.0268,True,c228e397f43e9206defc602d4cfa9e3c94ad983858a434d6ae0fd6dc998a354c,"{'nodes_compared': 4310, 'matching_subtrees_skipped': 2, 'leaf_entries_examined': 19996, 'log_operations_examined': 0, 'strategy': 'merkle'}"
calibration-n10000-h4-spread-o32768,calibration,10000,4,spread,20261003,32768,8192,measured,1,2,hybrid,1024,merkle,57.1174,0.0274,True,c228e397f43e9206defc602d4cfa9e3c94ad983858a434d6ae0fd6dc998a354c,"{'nodes_compared': 4310, 'matching_subtrees_skipped': 2, 'leaf_entries_examined': 19996, 'log_operations_examined': 0, 'strategy': 'merkle'}"
calibration-n10000-h4-spread-o32768,calibration,10000,4,spread,20261003,32768,8192,measured,1,3,hybrid,4096,merkle,61.7891,0.0569,True,c228e397f43e9206defc602d4cfa9e3c94ad983858a434d6ae0fd6dc998a354c,"{'nodes_compared': 4310, 'matching_subtrees_skipped': 2, 'leaf_entries_examined': 19996, 'log_operations_examined': 0, 'strategy': 'merkle'}"
calibration-n10000-h4-spread-o32768,calibration,10000,4,spread,20261003,32768,8192,measured,1,4,log,0,log,48.1632,0.042,True,c228e397f43e9206defc602d4cfa9e3c94ad983858a434d6ae0fd6dc998a354c,"{'nodes_compared': 0, 'matching_subtrees_skipped': 0, 'leaf_entries_examined': 0, 'log_operations_examined': 32768, 'strategy': 'log'}"
calibration-n10000-h4-spread-o32768,calibration,10000,4,spread,20261003,32768,8192,measured,1,5,merkle,0,merkle,66.9796,0.0226,True,c228e397f43e9206defc602d4cfa9e3c94ad983858a434d6ae0fd6dc998a354c,"{'nodes_compared': 4310, 'matching_subtrees_skipped': 2, 'leaf_entries_examined': 19996, 'log_operations_examined': 0, 'strategy': 'merkle'}"
calibration-n10000-h4-spread-o32768,calibration,10000,4,spread,20261003,32768,8192,measured,1,6,hybrid,8192,merkle,49.0441,0.0232,True,c228e397f43e9206defc602d4cfa9e3c94ad983858a434d6ae0fd6dc998a354c,"{'nodes_compared': 4310, 'matching_subtrees_skipped': 2, 'leaf_entries_examined': 19996, 'log_operations_examined': 0, 'strategy': 'merkle'}"
calibration-n10000-h4-spread-o32768,calibration,10000,4,spread,20261003,32768,8192,measured,1,7,hybrid,16384,merkle,47.3676,0.0226,True,c228e397f43e9206defc602d4cfa9e3c94ad983858a434d6ae0fd6dc998a354c,"{'nodes_compared': 4310, 'matching_subtrees_skipped': 2, 'leaf_entries_examined': 19996, 'log_operations_examined': 0, 'strategy': 'merkle'}"
calibration-n10000-h4-spread-o32768,calibration,10000,4,spread,20261003,32768,8192,measured,2,1,hybrid,16384,merkle,42.3795,0.0272,True,c228e397f43e9206defc602d4cfa9e3c94ad983858a434d6ae0fd6dc998a354c,"{'nodes_compared': 4310, 'matching_subtrees_skipped': 2, 'leaf_entries_examined': 19996, 'log_operations_examined': 0, 'strategy': 'merkle'}"
calibration-n10000-h4-spread-o32768,calibration,10000,4,spread,20261003,32768,8192,measured,2,2,hybrid,8192,merkle,45.9496,0.0199,True,c228e397f43e9206defc602d4cfa9e3c94ad983858a434d6ae0fd6dc998a354c,"{'nodes_compared': 4310, 'matching_subtrees_skipped': 2, 'leaf_entries_examined': 19996, 'log_operations_examined': 0, 'strategy': 'merkle'}"
calibration-n10000-h4-spread-o32768,calibration,10000,4,spread,20261003,32768,8192,measured,2,3,merkle,0,merkle,44.2185,0.0237,True,c228e397f43e9206defc602d4cfa9e3c94ad983858a434d6ae0fd6dc998a354c,"{'nodes_compared': 4310, 'matching_subtrees_skipped': 2, 'leaf_entries_examined': 19996, 'log_operations_examined': 0, 'strategy': 'merkle'}"
calibration-n10000-h4-spread-o32768,calibration,10000,4,spread,20261003,32768,8192,measured,2,4,hybrid,2048,merkle,56.1051,0.0379,True,c228e397f43e9206defc602d4cfa9e3c94ad983858a434d6ae0fd6dc998a354c,"{'nodes_compared': 4310, 'matching_subtrees_skipped': 2, 'leaf_entries_examined': 19996, 'log_operations_examined': 0, 'strategy': 'merkle'}"
calibration-n10000-h4-spread-o32768,calibration,10000,4,spread,20261003,32768,8192,measured,2,5,hybrid,4096,merkle,44.9307,0.0208,True,c228e397f43e9206defc602d4cfa9e3c94ad983858a434d6ae0fd6dc998a354c,"{'nodes_compared': 4310, 'matching_subtrees_skipped': 2, 'leaf_entries_examined': 19996, 'log_operations_examined': 0, 'strategy': 'merkle'}"
calibration-n10000-h4-spread-o32768,calibration,10000,4,spread,20261003,32768,8192,measured,2,6,log,0,log,55.0618,0.022,True,c228e397f43e9206defc602d4cfa9e3c94ad983858a434d6ae0fd6dc998a354c,"{'nodes_compared': 0, 'matching_subtrees_skipped': 0, 'leaf_entries_examined': 0, 'log_operations_examined': 32768, 'strategy': 'log'}"
calibration-n10000-h4-spread-o32768,calibration,10000,4,spread,20261003,32768,8192,measured,2,7,hybrid,1024,merkle,48.7965,0.0202,True,c228e397f43e9206defc602d4cfa9e3c94ad983858a434d6ae0fd6dc998a354c,"{'nodes_compared': 4310, 'matching_subtrees_skipped': 2, 'leaf_entries_examined': 19996, 'log_operations_examined': 0, 'strategy': 'merkle'}"
calibration-n10000-h4-spread-o32768,calibration,10000,4,spread,20261003,32768,8192,measured,3,1,merkle,0,merkle,41.7811,0.0229,True,c228e397f43e9206defc602d4cfa9e3c94ad983858a434d6ae0fd6dc998a354c,"{'nodes_compared': 4310, 'matching_subtrees_skipped': 2, 'leaf_entries_examined': 19996, 'log_operations_examined': 0, 'strategy': 'merkle'}"
calibration-n10000-h4-spread-o32768,calibration,10000,4,spread,20261003,32768,8192,measured,3,2,hybrid,4096,merkle,48.8361,0.033,True,c228e397f43e9206defc602d4cfa9e3c94ad983858a434d6ae0fd6dc998a354c,"{'nodes_compared': 4310, 'matching_subtrees_skipped': 2, 'leaf_entries_examined': 19996, 'log_operations_examined': 0, 'strategy': 'merkle'}"
calibration-n10000-h4-spread-o32768,calibration,10000,4,spread,20261003,32768,8192,measured,3,3,hybrid,1024,merkle,50.0136,0.0209,True,c228e397f43e9206defc602d4cfa9e3c94ad983858a434d6ae0fd6dc998a354c,"{'nodes_compared': 4310, 'matching_subtrees_skipped': 2, 'leaf_entries_examined': 19996, 'log_operations_examined': 0, 'strategy': 'merkle'}"
calibration-n10000-h4-spread-o32768,calibration,10000,4,spread,20261003,32768,8192,measured,3,4,log,0,log,39.3111,0.0193,True,c228e397f43e9206defc602d4cfa9e3c94ad983858a434d6ae0fd6dc998a354c,"{'nodes_compared': 0, 'matching_subtrees_skipped': 0, 'leaf_entries_examined': 0, 'log_operations_examined': 32768, 'strategy': 'log'}"
calibration-n10000-h4-spread-o32768,calibration,10000,4,spread,20261003,32768,8192,measured,3,5,hybrid,16384,merkle,60.2867,0.0218,True,c228e397f43e9206defc602d4cfa9e3c94ad983858a434d6ae0fd6dc998a354c,"{'nodes_compared': 4310, 'matching_subtrees_skipped': 2, 'leaf_entries_examined': 19996, 'log_operations_examined': 0, 'strategy': 'merkle'}"
calibration-n10000-h4-spread-o32768,calibration,10000,4,spread,20261003,32768,8192,measured,3,6,hybrid,2048,merkle,44.2868,0.0219,True,c228e397f43e9206defc602d4cfa9e3c94ad983858a434d6ae0fd6dc998a354c,"{'nodes_compared': 4310, 'matching_subtrees_skipped': 2, 'leaf_entries_examined': 19996, 'log_operations_examined': 0, 'strategy': 'merkle'}"
calibration-n10000-h4-spread-o32768,calibration,10000,4,spread,20261003,32768,8192,measured,3,7,hybrid,8192,merkle,58.5522,0.0234,True,c228e397f43e9206defc602d4cfa9e3c94ad983858a434d6ae0fd6dc998a354c,"{'nodes_compared': 4310, 'matching_subtrees_skipped': 2, 'leaf_entries_examined': 19996, 'log_operations_examined': 0, 'strategy': 'merkle'}"
calibration-n10000-h4-spread-o32768,calibration,10000,4,spread,20261003,32768,8192,measured,4,1,hybrid,2048,merkle,48.1118,0.0234,True,c228e397f43e9206defc602d4cfa9e3c94ad983858a434d6ae0fd6dc998a354c,"{'nodes_compared': 4310, 'matching_subtrees_skipped': 2, 'leaf_entries_examined': 19996, 'log_operations_examined': 0, 'strategy': 'merkle'}"
calibration-n10000-h4-spread-o32768,calibration,10000,4,spread,20261003,32768,8192,measured,4,2,log,0,log,35.6528,0.0254,True,c228e397f43e9206defc602d4cfa9e3c94ad983858a434d6ae0fd6dc998a354c,"{'nodes_compared': 0, 'matching_subtrees_skipped': 0, 'leaf_entries_examined': 0, 'log_operations_examined': 32768, 'strategy': 'log'}"
calibration-n10000-h4-spread-o32768,calibration,10000,4,spread,20261003,32768,8192,measured,4,3,hybrid,4096,merkle,45.438,0.0217,True,c228e397f43e9206defc602d4cfa9e3c94ad983858a434d6ae0fd6dc998a354c,"{'nodes_compared': 4310, 'matching_subtrees_skipped': 2, 'leaf_entries_examined': 19996, 'log_operations_examined': 0, 'strategy': 'merkle'}"
calibration-n10000-h4-spread-o32768,calibration,10000,4,spread,20261003,32768,8192,measured,4,4,hybrid,1024,merkle,44.2848,0.0244,True,c228e397f43e9206defc602d4cfa9e3c94ad983858a434d6ae0fd6dc998a354c,"{'nodes_compared': 4310, 'matching_subtrees_skipped': 2, 'leaf_entries_examined': 19996, 'log_operations_examined': 0, 'strategy': 'merkle'}"
calibration-n10000-h4-spread-o32768,calibration,10000,4,spread,20261003,32768,8192,measured,4,5,hybrid,8192,merkle,43.51,0.0248,True,c228e397f43e9206defc602d4cfa9e3c94ad983858a434d6ae0fd6dc998a354c,"{'nodes_compared': 4310, 'matching_subtrees_skipped': 2, 'leaf_entries_examined': 19996, 'log_operations_examined': 0, 'strategy': 'merkle'}"
calibration-n10000-h4-spread-o32768,calibration,10000,4,spread,20261003,32768,8192,measured,4,6,merkle,0,merkle,55.195,0.0237,True,c228e397f43e9206defc602d4cfa9e3c94ad983858a434d6ae0fd6dc998a354c,"{'nodes_compared': 4310, 'matching_subtrees_skipped': 2, 'leaf_entries_examined': 19996, 'log_operations_examined': 0, 'strategy': 'merkle'}"
calibration-n10000-h4-spread-o32768,calibration,10000,4,spread,20261003,32768,8192,measured,4,7,hybrid,16384,merkle,50.0028,0.0195,True,c228e397f43e9206defc602d4cfa9e3c94ad983858a434d6ae0fd6dc998a354c,"{'nodes_compared': 4310, 'matching_subtrees_skipped': 2, 'leaf_entries_examined': 19996, 'log_operations_examined': 0, 'strategy': 'merkle'}"
calibration-n10000-h4-spread-o32768,calibration,10000,4,spread,20261003,32768,8192,measured,5,1,merkle,0,merkle,43.929,0.0225,True,c228e397f43e9206defc602d4cfa9e3c94ad983858a434d6ae0fd6dc998a354c,"{'nodes_compared': 4310, 'matching_subtrees_skipped': 2, 'leaf_entries_examined': 19996, 'log_operations_examined': 0, 'strategy': 'merkle'}"
calibration-n10000-h4-spread-o32768,calibration,10000,4,spread,20261003,32768,8192,measured,5,2,hybrid,8192,merkle,42.5257,0.0227,True,c228e397f43e9206defc602d4cfa9e3c94ad983858a434d6ae0fd6dc998a354c,"{'nodes_compared': 4310, 'matching_subtrees_skipped': 2, 'leaf_entries_examined': 19996, 'log_operations_examined': 0, 'strategy': 'merkle'}"
calibration-n10000-h4-spread-o32768,calibration,10000,4,spread,20261003,32768,8192,measured,5,3,log,0,log,35.3439,0.0259,True,c228e397f43e9206defc602d4cfa9e3c94ad983858a434d6ae0fd6dc998a354c,"{'nodes_compared': 0, 'matching_subtrees_skipped': 0, 'leaf_entries_examined': 0, 'log_operations_examined': 32768, 'strategy': 'log'}"
calibration-n10000-h4-spread-o32768,calibration,10000,4,spread,20261003,32768,8192,measured,5,4,hybrid,16384,merkle,44.7297,0.0216,True,c228e397f43e9206defc602d4cfa9e3c94ad983858a434d6ae0fd6dc998a354c,"{'nodes_compared': 4310, 'matching_subtrees_skipped': 2, 'leaf_entries_examined': 19996, 'log_operations_examined': 0, 'strategy': 'merkle'}"
calibration-n10000-h4-spread-o32768,calibration,10000,4,spread,20261003,32768,8192,measured,5,5,hybrid,4096,merkle,46.8745,0.0209,True,c228e397f43e9206defc602d4cfa9e3c94ad983858a434d6ae0fd6dc998a354c,"{'nodes_compared': 4310, 'matching_subtrees_skipped': 2, 'leaf_entries_examined': 19996, 'log_operations_examined': 0, 'strategy': 'merkle'}"
calibration-n10000-h4-spread-o32768,calibration,10000,4,spread,20261003,32768,8192,measured,5,6,hybrid,1024,merkle,56.2419,0.024,True,c228e397f43e9206defc602d4cfa9e3c94ad983858a434d6ae0fd6dc998a354c,"{'nodes_compared': 4310, 'matching_subtrees_skipped': 2, 'leaf_entries_examined': 19996, 'log_operations_examined': 0, 'strategy': 'merkle'}"
calibration-n10000-h4-spread-o32768,calibration,10000,4,spread,20261003,32768,8192,measured,5,7,hybrid,2048,merkle,62.0056,0.0228,True,c228e397f43e9206defc602d4cfa9e3c94ad983858a434d6ae0fd6dc998a354c,"{'nodes_compared': 4310, 'matching_subtrees_skipped': 2, 'leaf_entries_examined': 19996, 'log_operations_examined': 0, 'strategy': 'merkle'}"
calibration-n10000-h4-spread-o32768,calibration,10000,4,spread,20261003,32768,8192,measured,6,1,log,0,log,55.2871,0.037,True,c228e397f43e9206defc602d4cfa9e3c94ad983858a434d6ae0fd6dc998a354c,"{'nodes_compared': 0, 'matching_subtrees_skipped': 0, 'leaf_entries_examined': 0, 'log_operations_examined': 32768, 'strategy': 'log'}"
calibration-n10000-h4-spread-o32768,calibration,10000,4,spread,20261003,32768,8192,measured,6,2,merkle,0,merkle,47.5222,0.0343,True,c228e397f43e9206defc602d4cfa9e3c94ad983858a434d6ae0fd6dc998a354c,"{'nodes_compared': 4310, 'matching_subtrees_skipped': 2, 'leaf_entries_examined': 19996, 'log_operations_examined': 0, 'strategy': 'merkle'}"
calibration-n10000-h4-spread-o32768,calibration,10000,4,spread,20261003,32768,8192,measured,6,3,hybrid,1024,merkle,47.7028,0.0224,True,c228e397f43e9206defc602d4cfa9e3c94ad983858a434d6ae0fd6dc998a354c,"{'nodes_compared': 4310, 'matching_subtrees_skipped': 2, 'leaf_entries_examined': 19996, 'log_operations_examined': 0, 'strategy': 'merkle'}"
calibration-n10000-h4-spread-o32768,calibration,10000,4,spread,20261003,32768,8192,measured,6,4,hybrid,4096,merkle,49.9858,0.0259,True,c228e397f43e9206defc602d4cfa9e3c94ad983858a434d6ae0fd6dc998a354c,"{'nodes_compared': 4310, 'matching_subtrees_skipped': 2, 'leaf_entries_examined': 19996, 'log_operations_examined': 0, 'strategy': 'merkle'}"
calibration-n10000-h4-spread-o32768,calibration,10000,4,spread,20261003,32768,8192,measured,6,5,hybrid,8192,merkle,47.1669,0.0232,True,c228e397f43e9206defc602d4cfa9e3c94ad983858a434d6ae0fd6dc998a354c,"{'nodes_compared': 4310, 'matching_subtrees_skipped': 2, 'leaf_entries_examined': 19996, 'log_operations_examined': 0, 'strategy': 'merkle'}"
calibration-n10000-h4-spread-o32768,calibration,10000,4,spread,20261003,32768,8192,measured,6,6,hybrid,2048,merkle,47.4708,0.0194,True,c228e397f43e9206defc602d4cfa9e3c94ad983858a434d6ae0fd6dc998a354c,"{'nodes_compared': 4310, 'matching_subtrees_skipped': 2, 'leaf_entries_examined': 19996, 'log_operations_examined': 0, 'strategy': 'merkle'}"
calibration-n10000-h4-spread-o32768,calibration,10000,4,spread,20261003,32768,8192,measured,6,7,hybrid,16384,merkle,44.7018,0.0195,True,c228e397f43e9206defc602d4cfa9e3c94ad983858a434d6ae0fd6dc998a354c,"{'nodes_compared': 4310, 'matching_subtrees_skipped': 2, 'leaf_entries_examined': 19996, 'log_operations_examined': 0, 'strategy': 'merkle'}"
calibration-n10000-h4-spread-o32768,calibration,10000,4,spread,20261003,32768,8192,measured,7,1,merkle,0,merkle,50.9498,0.0229,True,c228e397f43e9206defc602d4cfa9e3c94ad983858a434d6ae0fd6dc998a354c,"{'nodes_compared': 4310, 'matching_subtrees_skipped': 2, 'leaf_entries_examined': 19996, 'log_operations_examined': 0, 'strategy': 'merkle'}"
calibration-n10000-h4-spread-o32768,calibration,10000,4,spread,20261003,32768,8192,measured,7,2,hybrid,2048,merkle,67.4056,0.0262,True,c228e397f43e9206defc602d4cfa9e3c94ad983858a434d6ae0fd6dc998a354c,"{'nodes_compared': 4310, 'matching_subtrees_skipped': 2, 'leaf_entries_examined': 19996, 'log_operations_examined': 0, 'strategy': 'merkle'}"
calibration-n10000-h4-spread-o32768,calibration,10000,4,spread,20261003,32768,8192,measured,7,3,hybrid,4096,merkle,44.3709,0.0229,True,c228e397f43e9206defc602d4cfa9e3c94ad983858a434d6ae0fd6dc998a354c,"{'nodes_compared': 4310, 'matching_subtrees_skipped': 2, 'leaf_entries_examined': 19996, 'log_operations_examined': 0, 'strategy': 'merkle'}"
calibration-n10000-h4-spread-o32768,calibration,10000,4,spread,20261003,32768,8192,measured,7,4,log,0,log,36.2095,0.0245,True,c228e397f43e9206defc602d4cfa9e3c94ad983858a434d6ae0fd6dc998a354c,"{'nodes_compared': 0, 'matching_subtrees_skipped': 0, 'leaf_entries_examined': 0, 'log_operations_examined': 32768, 'strategy': 'log'}"
calibration-n10000-h4-spread-o32768,calibration,10000,4,spread,20261003,32768,8192,measured,7,5,hybrid,1024,merkle,54.6121,0.0264,True,c228e397f43e9206defc602d4cfa9e3c94ad983858a434d6ae0fd6dc998a354c,"{'nodes_compared': 4310, 'matching_subtrees_skipped': 2, 'leaf_entries_examined': 19996, 'log_operations_examined': 0, 'strategy': 'merkle'}"
calibration-n10000-h4-spread-o32768,calibration,10000,4,spread,20261003,32768,8192,measured,7,6,hybrid,8192,merkle,46.5068,0.0289,True,c228e397f43e9206defc602d4cfa9e3c94ad983858a434d6ae0fd6dc998a354c,"{'nodes_compared': 4310, 'matching_subtrees_skipped': 2, 'leaf_entries_examined': 19996, 'log_operations_examined': 0, 'strategy': 'merkle'}"
calibration-n10000-h4-spread-o32768,calibration,10000,4,spread,20261003,32768,8192,measured,7,7,hybrid,16384,merkle,52.1199,0.0297,True,c228e397f43e9206defc602d4cfa9e3c94ad983858a434d6ae0fd6dc998a354c,"{'nodes_compared': 4310, 'matching_subtrees_skipped': 2, 'leaf_entries_examined': 19996, 'log_operations_examined': 0, 'strategy': 'merkle'}"
