run_id,timestamp_utc,phase,scenario,model,status,trial_kind,trial,execution_order,seed,rows,commits,changes_per_commit,locality,payload_bytes,workload_sha256,strategy_requested,strategy_selected,hybrid_threshold,initial_import_ms,incremental_commit_ms,diff_ms,checkout_ms,storage_bytes,logical_payload_bytes,storage_bytes_per_logical_payload_byte,storage_bytes_minus_logical_payload_bytes,storage_bytes_after_compaction,compaction_method,compaction_ms,process_tree_peak_rss_bytes,process_tree_cpu_seconds,process_tree_read_bytes,process_tree_write_bytes,commit_operations_per_second,memory_method,work_examined,work_unit,changed_keys,correctness,notes,python_version,platform,dolt_version
a11ac87916c04187b22a3d5d04a3190b,2026-10-08T15:13:32.410543+00:00,evaluation,linux-telemetry-n10000-h10-c100,Revon-M (forced Merkle),ok,warmup,1,1,20261008,10000,10,100,spread,32,34d22946f31a09742010faddfe62933a131d4da94e624acd6d9d88e59bd648fc,merkle,merkle,4096,218.184721,29.6089385,16.314736,21.092583,4464640,450000,9.921422222222223,4014640,,not sampled,,46809088,1.01,0,34463744,33.08820137871123,external parent process-tree RSS/CPU/I-O sampler (10 ms; psutil or Linux /proc; isolated trial),3698,tree node pairs,952,True,,3.14.3,Linux-7.0.0-1011-gcp-x86_64-with-glibc2.39,
a11ac87916c04187b22a3d5d04a3190b,2026-10-08T15:13:37.716442+00:00,evaluation,linux-telemetry-n10000-h10-c100,Dolt,ok,warmup,1,2,20261008,10000,10,100,spread,32,34d22946f31a09742010faddfe62933a131d4da94e624acd6d9d88e59bd648fc,dolt-native,dolt-native,4096,413.103348,271.022835,126.652711,139.57129,2922952,450000,6.495448888888889,2472952,,not sampled,,144134144,4.87,0,10285056,3.6980460685020895,external parent process-tree RSS/CPU/I-O sampler (10 ms; psutil or Linux /proc; isolated trial),,not exposed by Dolt CLI,952,True,,3.14.3,Linux-7.0.0-1011-gcp-x86_64-with-glibc2.39,Dolt 2.3.1
a11ac87916c04187b22a3d5d04a3190b,2026-10-08T15:13:38.961561+00:00,evaluation,linux-telemetry-n10000-h10-c100,Revon-H,ok,warmup,1,3,20261008,10000,10,100,spread,32,34d22946f31a09742010faddfe62933a131d4da94e624acd6d9d88e59bd648fc,hybrid,log,4096,206.638028,29.4630145,11.647422,22.230669,4452352,450000,9.894115555555556,4002352,,not sampled,,46702592,1.03,0,34594816,32.18893213890377,external parent process-tree RSS/CPU/I-O sampler (10 ms; psutil or Linux /proc; isolated trial),1000,log operations,952,True,,3.14.3,Linux-7.0.0-1011-gcp-x86_64-with-glibc2.39,
a11ac87916c04187b22a3d5d04a3190b,2026-10-08T15:13:44.221617+00:00,evaluation,linux-telemetry-n10000-h10-c100,Dolt,ok,warmup,2,1,20261008,10000,10,100,spread,32,34d22946f31a09742010faddfe62933a131d4da94e624acd6d9d88e59bd648fc,dolt-native,dolt-native,4096,376.685538,267.2707595,128.82131,132.852227,2922912,450000,6.49536,2472912,,not sampled,,143368192,4.7,0,9228288,3.7365346812626115,external parent process-tree RSS/CPU/I-O sampler (10 ms; psutil or Linux /proc; isolated trial),,not exposed by Dolt CLI,952,True,,3.14.3,Linux-7.0.0-1011-gcp-x86_64-with-glibc2.39,Dolt 2.3.1
a11ac87916c04187b22a3d5d04a3190b,2026-10-08T15:13:45.451022+00:00,evaluation,linux-telemetry-n10000-h10-c100,Revon-H,ok,warmup,2,2,20261008,10000,10,100,spread,32,34d22946f31a09742010faddfe62933a131d4da94e624acd6d9d88e59bd648fc,hybrid,log,4096,207.716146,27.724734,11.768904,24.431835,4452352,450000,9.894115555555556,4002352,,not sampled,,46800896,1.04,0,35151872,34.15076781939681,external parent process-tree RSS/CPU/I-O sampler (10 ms; psutil or Linux /proc; isolated trial),1000,log operations,952,True,,3.14.3,Linux-7.0.0-1011-gcp-x86_64-with-glibc2.39,
a11ac87916c04187b22a3d5d04a3190b,2026-10-08T15:13:46.667292+00:00,evaluation,linux-telemetry-n10000-h10-c100,Revon-M (forced Merkle),ok,warmup,2,3,20261008,10000,10,100,spread,32,34d22946f31a09742010faddfe62933a131d4da94e624acd6d9d88e59bd648fc,merkle,merkle,4096,210.578872,29.768228,16.449553,21.747838,4517888,450000,10.03975111111111,4067888,,not sampled,,46776320,1.01,0,34430976,32.82868520350852,external parent process-tree RSS/CPU/I-O sampler (10 ms; psutil or Linux /proc; isolated trial),3698,tree node pairs,952,True,,3.14.3,Linux-7.0.0-1011-gcp-x86_64-with-glibc2.39,
a11ac87916c04187b22a3d5d04a3190b,2026-10-08T15:13:47.892734+00:00,evaluation,linux-telemetry-n10000-h10-c100,Revon-M (forced Merkle),ok,measured,1,1,20261008,10000,10,100,spread,32,34d22946f31a09742010faddfe62933a131d4da94e624acd6d9d88e59bd648fc,merkle,merkle,4096,208.590557,27.365586,15.434899,21.948989,4444160,450000,9.875911111111112,3994160,4067328,SQLite VACUUM,49.90044,46841856,1.03,0,34443264,35.48799474141733,external parent process-tree RSS/CPU/I-O sampler (10 ms; psutil or Linux /proc; isolated trial),3698,tree node pairs,952,True,,3.14.3,Linux-7.0.0-1011-gcp-x86_64-with-glibc2.39,
a11ac87916c04187b22a3d5d04a3190b,2026-10-08T15:13:49.165293+00:00,evaluation,linux-telemetry-n10000-h10-c100,Revon-H,ok,measured,1,2,20261008,10000,10,100,spread,32,34d22946f31a09742010faddfe62933a131d4da94e624acd6d9d88e59bd648fc,hybrid,log,4096,207.982588,28.6696425,11.530292,23.379365,4460544,450000,9.91232,4010544,4063232,SQLite VACUUM,51.411265,46804992,1.03,0,34840576,34.896805852786194,external parent process-tree RSS/CPU/I-O sampler (10 ms; psutil or Linux /proc; isolated trial),1000,log operations,952,True,,3.14.3,Linux-7.0.0-1011-gcp-x86_64-with-glibc2.39,
a11ac87916c04187b22a3d5d04a3190b,2026-10-08T15:13:54.440406+00:00,evaluation,linux-telemetry-n10000-h10-c100,Dolt,ok,measured,1,3,20261008,10000,10,100,spread,32,34d22946f31a09742010faddfe62933a131d4da94e624acd6d9d88e59bd648fc,dolt-native,dolt-native,4096,397.078478,266.6891385,123.385078,132.966238,2922960,450000,6.495466666666666,2472960,2769287,dolt gc (offline),113.472631,144158720,4.73,0,9310208,3.7486753779087354,external parent process-tree RSS/CPU/I-O sampler (10 ms; psutil or Linux /proc; isolated trial),,not exposed by Dolt CLI,952,True,,3.14.3,Linux-7.0.0-1011-gcp-x86_64-with-glibc2.39,Dolt 2.3.1
a11ac87916c04187b22a3d5d04a3190b,2026-10-08T15:13:55.790250+00:00,evaluation,linux-telemetry-n10000-h10-c100,Revon-H,ok,measured,2,1,20261008,10000,10,100,spread,32,34d22946f31a09742010faddfe62933a131d4da94e624acd6d9d88e59bd648fc,hybrid,log,4096,228.340501,28.1966705,11.793872,24.209182,4444160,450000,9.875911111111112,3994160,,not sampled,,46710784,1.05,0,34775040,34.99012239341871,external parent process-tree RSS/CPU/I-O sampler (10 ms; psutil or Linux /proc; isolated trial),1000,log operations,952,True,,3.14.3,Linux-7.0.0-1011-gcp-x86_64-with-glibc2.39,
a11ac87916c04187b22a3d5d04a3190b,2026-10-08T15:14:01.458181+00:00,evaluation,linux-telemetry-n10000-h10-c100,Dolt,ok,measured,2,2,20261008,10000,10,100,spread,32,34d22946f31a09742010faddfe62933a131d4da94e624acd6d9d88e59bd648fc,dolt-native,dolt-native,4096,382.382979,265.630637,123.495379,132.494895,2922977,450000,6.495504444444444,2472977,,not sampled,,144584704,4.7,0,8736768,3.1817379745425773,external parent process-tree RSS/CPU/I-O sampler (10 ms; psutil or Linux /proc; isolated trial),,not exposed by Dolt CLI,952,True,,3.14.3,Linux-7.0.0-1011-gcp-x86_64-with-glibc2.39,Dolt 2.3.1
a11ac87916c04187b22a3d5d04a3190b,2026-10-08T15:14:02.686471+00:00,evaluation,linux-telemetry-n10000-h10-c100,Revon-M (forced Merkle),ok,measured,2,3,20261008,10000,10,100,spread,32,34d22946f31a09742010faddfe62933a131d4da94e624acd6d9d88e59bd648fc,merkle,merkle,4096,225.944308,26.8578285,17.392498,21.859423,4485120,450000,9.966933333333333,4035120,,not sampled,,46723072,1.08,0,34635776,35.794766411408226,external parent process-tree RSS/CPU/I-O sampler (10 ms; psutil or Linux /proc; isolated trial),3698,tree node pairs,952,True,,3.14.3,Linux-7.0.0-1011-gcp-x86_64-with-glibc2.39,
a11ac87916c04187b22a3d5d04a3190b,2026-10-08T15:14:07.946723+00:00,evaluation,linux-telemetry-n10000-h10-c100,Dolt,ok,measured,3,1,20261008,10000,10,100,spread,32,34d22946f31a09742010faddfe62933a131d4da94e624acd6d9d88e59bd648fc,dolt-native,dolt-native,4096,410.24654,269.3631445,112.00657,125.614093,2923123,450000,6.495828888888889,2473123,,not sampled,,142872576,4.76,0,9576448,3.7158167557466912,external parent process-tree RSS/CPU/I-O sampler (10 ms; psutil or Linux /proc; isolated trial),,not exposed by Dolt CLI,952,True,,3.14.3,Linux-7.0.0-1011-gcp-x86_64-with-glibc2.39,Dolt 2.3.1
a11ac87916c04187b22a3d5d04a3190b,2026-10-08T15:14:09.137278+00:00,evaluation,linux-telemetry-n10000-h10-c100,Revon-M (forced Merkle),ok,measured,3,2,20261008,10000,10,100,spread,32,34d22946f31a09742010faddfe62933a131d4da94e624acd6d9d88e59bd648fc,merkle,merkle,4096,208.576544,26.6518655,17.10217,23.127421,4464640,450000,9.921422222222223,4014640,,not sampled,,46747648,1.04,0,34705408,36.08031913446374,external parent process-tree RSS/CPU/I-O sampler (10 ms; psutil or Linux /proc; isolated trial),3698,tree node pairs,952,True,,3.14.3,Linux-7.0.0-1011-gcp-x86_64-with-glibc2.39,
a11ac87916c04187b22a3d5d04a3190b,2026-10-08T15:14:10.334811+00:00,evaluation,linux-telemetry-n10000-h10-c100,Revon-H,ok,measured,3,3,20261008,10000,10,100,spread,32,34d22946f31a09742010faddfe62933a131d4da94e624acd6d9d88e59bd648fc,hybrid,log,4096,205.919344,26.942965,10.333262,25.036455,4460544,450000,9.91232,4010544,,not sampled,,46743552,1.02,0,34570240,36.0213769581986,external parent process-tree RSS/CPU/I-O sampler (10 ms; psutil or Linux /proc; isolated trial),1000,log operations,952,True,,3.14.3,Linux-7.0.0-1011-gcp-x86_64-with-glibc2.39,
a11ac87916c04187b22a3d5d04a3190b,2026-10-08T15:14:11.518105+00:00,evaluation,linux-telemetry-n10000-h10-c100,Revon-M (forced Merkle),ok,measured,4,1,20261008,10000,10,100,spread,32,34d22946f31a09742010faddfe62933a131d4da94e624acd6d9d88e59bd648fc,merkle,merkle,4096,225.35307,25.293543999999997,18.1455,23.736429,4456448,450000,9.903217777777778,4006448,,not sampled,,46792704,0.99,0,34574336,38.48558573572098,external parent process-tree RSS/CPU/I-O sampler (10 ms; psutil or Linux /proc; isolated trial),3698,tree node pairs,952,True,,3.14.3,Linux-7.0.0-1011-gcp-x86_64-with-glibc2.39,
a11ac87916c04187b22a3d5d04a3190b,2026-10-08T15:14:12.657168+00:00,evaluation,linux-telemetry-n10000-h10-c100,Revon-H,ok,measured,4,2,20261008,10000,10,100,spread,32,34d22946f31a09742010faddfe62933a131d4da94e624acd6d9d88e59bd648fc,hybrid,log,4096,211.211614,25.807443499999998,9.603549,20.526139,4464640,450000,9.921422222222223,4014640,,not sampled,,46735360,0.95,0,34672640,37.247304693776464,external parent process-tree RSS/CPU/I-O sampler (10 ms; psutil or Linux /proc; isolated trial),1000,log operations,952,True,,3.14.3,Linux-7.0.0-1011-gcp-x86_64-with-glibc2.39,
a11ac87916c04187b22a3d5d04a3190b,2026-10-08T15:14:17.831880+00:00,evaluation,linux-telemetry-n10000-h10-c100,Dolt,ok,measured,4,3,20261008,10000,10,100,spread,32,34d22946f31a09742010faddfe62933a131d4da94e624acd6d9d88e59bd648fc,dolt-native,dolt-native,4096,396.190128,263.162322,117.447966,127.554985,2923130,450000,6.495844444444445,2473130,,not sampled,,144986112,4.680000000000001,0,9281536,3.7752620351900257,external parent process-tree RSS/CPU/I-O sampler (10 ms; psutil or Linux /proc; isolated trial),,not exposed by Dolt CLI,952,True,,3.14.3,Linux-7.0.0-1011-gcp-x86_64-with-glibc2.39,Dolt 2.3.1
a11ac87916c04187b22a3d5d04a3190b,2026-10-08T15:14:19.035349+00:00,evaluation,linux-telemetry-n10000-h10-c100,Revon-H,ok,measured,5,1,20261008,10000,10,100,spread,32,34d22946f31a09742010faddfe62933a131d4da94e624acd6d9d88e59bd648fc,hybrid,log,4096,233.845625,27.214106,10.576456,22.03597,4481024,450000,9.957831111111112,4031024,,not sampled,,46731264,1.04,0,34844672,36.42588860463502,external parent process-tree RSS/CPU/I-O sampler (10 ms; psutil or Linux /proc; isolated trial),1000,log operations,952,True,,3.14.3,Linux-7.0.0-1011-gcp-x86_64-with-glibc2.39,
a11ac87916c04187b22a3d5d04a3190b,2026-10-08T15:14:24.205228+00:00,evaluation,linux-telemetry-n10000-h10-c100,Dolt,ok,measured,5,2,20261008,10000,10,100,spread,32,34d22946f31a09742010faddfe62933a131d4da94e624acd6d9d88e59bd648fc,dolt-native,dolt-native,4096,400.488992,264.598729,122.90293,127.132446,2922886,450000,6.4953022222222225,2472886,,not sampled,,143572992,4.680000000000001,0,8994816,3.7802282288221667,external parent process-tree RSS/CPU/I-O sampler (10 ms; psutil or Linux /proc; isolated trial),,not exposed by Dolt CLI,952,True,,3.14.3,Linux-7.0.0-1011-gcp-x86_64-with-glibc2.39,Dolt 2.3.1
a11ac87916c04187b22a3d5d04a3190b,2026-10-08T15:14:25.336441+00:00,evaluation,linux-telemetry-n10000-h10-c100,Revon-M (forced Merkle),ok,measured,5,3,20261008,10000,10,100,spread,32,34d22946f31a09742010faddfe62933a131d4da94e624acd6d9d88e59bd648fc,merkle,merkle,4096,206.465001,26.810268999999998,14.687224,19.551076,4476928,450000,9.948728888888889,4026928,,not sampled,,46735360,0.97,0,34840576,36.929812420889654,external parent process-tree RSS/CPU/I-O sampler (10 ms; psutil or Linux /proc; isolated trial),3698,tree node pairs,952,True,,3.14.3,Linux-7.0.0-1011-gcp-x86_64-with-glibc2.39,
a11ac87916c04187b22a3d5d04a3190b,2026-10-08T15:14:30.525125+00:00,evaluation,linux-telemetry-n10000-h10-c100,Dolt,ok,measured,6,1,20261008,10000,10,100,spread,32,34d22946f31a09742010faddfe62933a131d4da94e624acd6d9d88e59bd648fc,dolt-native,dolt-native,4096,386.777314,264.246403,119.553268,125.29336,2923005,450000,6.495566666666667,2473005,,not sampled,,142446592,4.68,0,8724480,3.785888771297375,external parent process-tree RSS/CPU/I-O sampler (10 ms; psutil or Linux /proc; isolated trial),,not exposed by Dolt CLI,952,True,,3.14.3,Linux-7.0.0-1011-gcp-x86_64-with-glibc2.39,Dolt 2.3.1
a11ac87916c04187b22a3d5d04a3190b,2026-10-08T15:14:31.658152+00:00,evaluation,linux-telemetry-n10000-h10-c100,Revon-M (forced Merkle),ok,measured,6,2,20261008,10000,10,100,spread,32,34d22946f31a09742010faddfe62933a131d4da94e624acd6d9d88e59bd648fc,merkle,merkle,4096,210.287846,26.283939500000002,15.56051,21.816712,4431872,450000,9.848604444444444,3981872,,not sampled,,46743552,0.95,0,34516992,36.81884203357416,external parent process-tree RSS/CPU/I-O sampler (10 ms; psutil or Linux /proc; isolated trial),3698,tree node pairs,952,True,,3.14.3,Linux-7.0.0-1011-gcp-x86_64-with-glibc2.39,
a11ac87916c04187b22a3d5d04a3190b,2026-10-08T15:14:32.810598+00:00,evaluation,linux-telemetry-n10000-h10-c100,Revon-H,ok,measured,6,3,20261008,10000,10,100,spread,32,34d22946f31a09742010faddfe62933a131d4da94e624acd6d9d88e59bd648fc,hybrid,log,4096,208.172944,27.6423065,9.945902,22.663417,4485120,450000,9.966933333333333,4035120,,not sampled,,46850048,0.97,0,34635776,36.15805834235052,external parent process-tree RSS/CPU/I-O sampler (10 ms; psutil or Linux /proc; isolated trial),1000,log operations,952,True,,3.14.3,Linux-7.0.0-1011-gcp-x86_64-with-glibc2.39,
a11ac87916c04187b22a3d5d04a3190b,2026-10-08T15:14:34.001177+00:00,evaluation,linux-telemetry-n10000-h10-c100,Revon-M (forced Merkle),ok,measured,7,1,20261008,10000,10,100,spread,32,34d22946f31a09742010faddfe62933a131d4da94e624acd6d9d88e59bd648fc,merkle,merkle,4096,231.226876,25.673551,16.976055,24.338214,4485120,450000,9.966933333333333,4035120,,not sampled,,46743552,1.01,0,34824192,37.41343097949488,external parent process-tree RSS/CPU/I-O sampler (10 ms; psutil or Linux /proc; isolated trial),3698,tree node pairs,952,True,,3.14.3,Linux-7.0.0-1011-gcp-x86_64-with-glibc2.39,
a11ac87916c04187b22a3d5d04a3190b,2026-10-08T15:14:35.163107+00:00,evaluation,linux-telemetry-n10000-h10-c100,Revon-H,ok,measured,7,2,20261008,10000,10,100,spread,32,34d22946f31a09742010faddfe62933a131d4da94e624acd6d9d88e59bd648fc,hybrid,log,4096,204.617113,27.4078965,12.061343,22.519337,4464640,450000,9.921422222222223,4014640,,not sampled,,46809088,0.97,0,34430976,36.742699841900205,external parent process-tree RSS/CPU/I-O sampler (10 ms; psutil or Linux /proc; isolated trial),1000,log operations,952,True,,3.14.3,Linux-7.0.0-1011-gcp-x86_64-with-glibc2.39,
a11ac87916c04187b22a3d5d04a3190b,2026-10-08T15:14:40.334847+00:00,evaluation,linux-telemetry-n10000-h10-c100,Dolt,ok,measured,7,3,20261008,10000,10,100,spread,32,34d22946f31a09742010faddfe62933a131d4da94e624acd6d9d88e59bd648fc,dolt-native,dolt-native,4096,386.36773,262.86888799999997,120.418273,135.470248,2923191,450000,6.49598,2473191,,not sampled,,143822848,4.7,0,9646080,3.8084903709463793,external parent process-tree RSS/CPU/I-O sampler (10 ms; psutil or Linux /proc; isolated trial),,not exposed by Dolt CLI,952,True,,3.14.3,Linux-7.0.0-1011-gcp-x86_64-with-glibc2.39,Dolt 2.3.1
