run_id,timestamp_utc,phase,scenario,model,status,trial_kind,trial,execution_order,seed,rows,commits,changes_per_commit,locality,payload_bytes,workload_sha256,strategy_requested,strategy_selected,hybrid_threshold,initial_import_ms,incremental_commit_ms,diff_ms,checkout_ms,storage_bytes,logical_payload_bytes,storage_bytes_per_logical_payload_byte,storage_bytes_minus_logical_payload_bytes,storage_bytes_after_compaction,compaction_method,compaction_ms,process_tree_peak_rss_bytes,process_tree_cpu_seconds,process_tree_read_bytes,process_tree_write_bytes,commit_operations_per_second,memory_method,work_examined,work_unit,changed_keys,correctness,notes,python_version,platform,dolt_version
aa57104ba12f4d6d9ee47004642131a7,2026-10-01T16:00:12.772011+00:00,pilot,tlc-n100000-h10-c100,Revon-M (forced Merkle),ok,measured,1,1,20261001,100000,10,100,spread,8,bc08bdde2ec6b3183fe6f25af04af0999960b357385020b77cf935f2693e1662,merkle,merkle,4096,3150.2769,157.80145,29.5094,559.8576,94453760,30632088,3.0834907499612823,63821672,,not sampled,,329781248,23.125,815772683,136043086,5.059019021810342,external parent process-tree RSS/CPU/I-O sampler (10 ms; psutil or Linux /proc; isolated trial),4073,tree node pairs,998,True,,3.12.14,Windows-11-10.0.26200-SP0,
aa57104ba12f4d6d9ee47004642131a7,2026-10-01T16:00:40.378062+00:00,pilot,tlc-n100000-h10-c100,Snapshot,ok,measured,1,2,20261001,100000,10,100,spread,8,bc08bdde2ec6b3183fe6f25af04af0999960b357385020b77cf935f2693e1662,full-scan,full-scan,4096,357.5721,363.04970000000003,3009.79,788.9565,372145295,30632088,12.148871307760672,341513207,,not applicable,,340353024,25.9375,877939034,372150297,2.7438192042649923,external parent process-tree RSS/CPU/I-O sampler (10 ms; psutil or Linux /proc; isolated trial),100000,keys,998,True,,3.12.14,Windows-11-10.0.26200-SP0,
aa57104ba12f4d6d9ee47004642131a7,2026-10-01T16:01:02.049087+00:00,pilot,tlc-n100000-h10-c100,Revon-H,ok,measured,1,3,20261001,100000,10,100,spread,8,bc08bdde2ec6b3183fe6f25af04af0999960b357385020b77cf935f2693e1662,hybrid,log,4096,3580.1544,196.7117,8.8497,589.9508,94388224,30632088,3.0813512941070162,63756136,,not sampled,,324673536,20.828125,975903287,135788987,4.344284173181935,external parent process-tree RSS/CPU/I-O sampler (10 ms; psutil or Linux /proc; isolated trial),1000,log operations,998,True,,3.12.14,Windows-11-10.0.26200-SP0,
aa57104ba12f4d6d9ee47004642131a7,2026-10-01T16:01:48.137974+00:00,pilot,tlc-n100000-h10-c100,Dolt,ok,measured,1,4,20261001,100000,10,100,spread,8,bc08bdde2ec6b3183fe6f25af04af0999960b357385020b77cf935f2693e1662,dolt-native,dolt-native,4096,2634.1089,1088.5419,453.097,1603.1607,14160366,30632088,0.46227230739216996,-16471722,,not sampled,,454119424,44.78125,1597077386,522342184,0.8399333052638822,external parent process-tree RSS/CPU/I-O sampler (10 ms; psutil or Linux /proc; isolated trial),,not exposed by Dolt CLI,998,True,,3.12.14,Windows-11-10.0.26200-SP0,Dolt 2.3.1
aa57104ba12f4d6d9ee47004642131a7,2026-10-01T16:02:45.189843+00:00,pilot,tlc-n100000-h10-c100,Dolt (bulk import),ok,measured,1,5,20261001,100000,10,100,spread,8,bc08bdde2ec6b3183fe6f25af04af0999960b357385020b77cf935f2693e1662,dolt-native,dolt-native,4096,4123.1402,1246.00405,742.3007,2736.8002,13582225,30632088,0.4433986021455671,-17049863,,not sampled,,453656576,54.453125,1562361712,522466885,0.6226253574749011,external parent process-tree RSS/CPU/I-O sampler (10 ms; psutil or Linux /proc; isolated trial),,not exposed by Dolt CLI,998,True,,3.12.14,Windows-11-10.0.26200-SP0,Dolt 2.3.1
aa57104ba12f4d6d9ee47004642131a7,2026-10-01T16:03:06.477734+00:00,pilot,tlc-n100000-h10-c100,Log-only,ok,measured,1,6,20261001,100000,10,100,spread,8,bc08bdde2ec6b3183fe6f25af04af0999960b357385020b77cf935f2693e1662,operation-log,operation-log,4096,475.4723,4.79495,46.9375,1126.5464,34526891,30632088,1.127147813103697,3894803,,not applicable,,343801856,20.171875,820013967,34531871,202.85786155356664,external parent process-tree RSS/CPU/I-O sampler (10 ms; psutil or Linux /proc; isolated trial),1000,operations,998,True,,3.12.14,Windows-11-10.0.26200-SP0,
aa57104ba12f4d6d9ee47004642131a7,2026-10-01T16:08:25.780024+00:00,pilot,tlc-n1000000-h10-c1000,Revon-M (forced Merkle),ok,measured,1,1,20261001,1000000,10,1000,spread,8,c147518b996772c3d989586fbf5cecd7ea668cb9acae1acfe760d048fd769aa1,merkle,merkle,4096,36839.6909,5979.259,896.7698,5329.0326,1516937216,306319060,4.952147659371898,1210618156,,not sampled,,3123974144,299.984375,60868087402,1645729826,0.08280985490702311,external parent process-tree RSS/CPU/I-O sampler (10 ms; psutil or Linux /proc; isolated trial),4681,tree node pairs,9956,True,,3.12.14,Windows-11-10.0.26200-SP0,
aa57104ba12f4d6d9ee47004642131a7,2026-10-01T16:11:35.747766+00:00,pilot,tlc-n1000000-h10-c1000,Snapshot,ok,measured,1,2,20261001,1000000,10,1000,spread,8,c147518b996772c3d989586fbf5cecd7ea668cb9acae1acfe760d048fd769aa1,full-scan,full-scan,4096,2737.6385,2631.30555,20960.1334,6728.4488,3721432689,306319060,12.148877347038084,3415113629,,not applicable,,3857391616,183.875,4768566199,3721486479,0.3789822090932847,external parent process-tree RSS/CPU/I-O sampler (10 ms; psutil or Linux /proc; isolated trial),1000000,keys,9956,True,,3.12.14,Windows-11-10.0.26200-SP0,
aa57104ba12f4d6d9ee47004642131a7,2026-10-01T16:15:13.446101+00:00,pilot,tlc-n1000000-h10-c1000,Dolt,ok,measured,1,3,20261001,1000000,10,1000,spread,8,c147518b996772c3d989586fbf5cecd7ea668cb9acae1acfe760d048fd769aa1,dolt-native,dolt-native,4096,30063.6037,801.96165,670.4766,10810.8045,139203108,306319060,0.45443828405584685,-167115952,,not sampled,,4396191744,219.890625,6454055080,4383123017,1.2295751581750074,external parent process-tree RSS/CPU/I-O sampler (10 ms; psutil or Linux /proc; isolated trial),,not exposed by Dolt CLI,9956,True,,3.12.14,Windows-11-10.0.26200-SP0,Dolt 2.3.1
aa57104ba12f4d6d9ee47004642131a7,2026-10-01T16:19:28.065146+00:00,pilot,tlc-n1000000-h10-c1000,Dolt (bulk import),ok,measured,1,4,20261001,1000000,10,1000,spread,8,c147518b996772c3d989586fbf5cecd7ea668cb9acae1acfe760d048fd769aa1,dolt-native,dolt-native,4096,26663.5138,1142.77445,960.5292,12497.5673,133075013,306319060,0.43443268923585754,-173244047,,not sampled,,4397641728,258.640625,6194482387,4039684309,0.8652773243243889,external parent process-tree RSS/CPU/I-O sampler (10 ms; psutil or Linux /proc; isolated trial),,not exposed by Dolt CLI,9956,True,,3.12.14,Windows-11-10.0.26200-SP0,Dolt 2.3.1
aa57104ba12f4d6d9ee47004642131a7,2026-10-01T16:23:13.289476+00:00,pilot,tlc-n1000000-h10-c1000,Revon-H,ok,measured,1,5,20261001,1000000,10,1000,spread,8,c147518b996772c3d989586fbf5cecd7ea668cb9acae1acfe760d048fd769aa1,hybrid,merkle,4096,33553.0479,5442.04875,799.5472,4528.3548,1516883968,306319060,4.95197382755092,1210564908,,not sampled,,3806711808,219.453125,29834166363,1645635139,0.18180880775605393,external parent process-tree RSS/CPU/I-O sampler (10 ms; psutil or Linux /proc; isolated trial),4681,tree node pairs,9956,True,,3.12.14,Windows-11-10.0.26200-SP0,
aa57104ba12f4d6d9ee47004642131a7,2026-10-01T16:25:44.262421+00:00,pilot,tlc-n1000000-h10-c1000,Log-only,ok,measured,1,6,20261001,1000000,10,1000,spread,8,c147518b996772c3d989586fbf5cecd7ea668cb9acae1acfe760d048fd769aa1,operation-log,operation-log,4096,3635.0297,16.24245,163.683,8175.1246,345265489,306319060,1.1271433419781323,38946429,,not applicable,,2336190464,146.40625,4175378597,345270618,60.72545052211742,external parent process-tree RSS/CPU/I-O sampler (10 ms; psutil or Linux /proc; isolated trial),10000,operations,9956,True,,3.12.14,Windows-11-10.0.26200-SP0,
